tag,country,n_states,arable_land,plantations,staples,rgo_capped,rgo_discoverable
CHI,China,38,9298,banana_plantation cotton_plantation dye_plantation opium_plantation silk_plantation tea_plantation tobacco_plantation vineyard,livestock_ranch rice_farm wheat_farm,coal_mine:801 fishing_wharf:101 iron_mine:392 lead_mine:125 logging_camp:381 sulfur_mine:376,oil_rig:106
RUS,Russia,49,3736,cotton_plantation silk_plantation tea_plantation tobacco_plantation vineyard,livestock_ranch rice_farm rye_farm wheat_farm,coal_mine:1241 fishing_wharf:94 gold_mine:10 iron_mine:937 lead_mine:235 logging_camp:1064 sulfur_mine:143 whaling_station:5,gold_field:34 oil_rig:523
BIC,East India,18,4764,banana_plantation coffee_plantation cotton_plantation dye_plantation opium_plantation silk_plantation sugar_plantation tea_plantation tobacco_plantation vineyard,livestock_ranch rice_farm wheat_farm,coal_mine:256 fishing_wharf:128 gold_mine:9 iron_mine:198 lead_mine:2 logging_camp:274 sulfur_mine:2,oil_rig:59 rubber_plantation:49
USA,United States,29,3348,cotton_plantation dye_plantation sugar_plantation tobacco_plantation vineyard,livestock_ranch maize_farm rice_farm wheat_farm,coal_mine:748 fishing_wharf:119 iron_mine:423 lead_mine:231 logging_camp:482 sulfur_mine:106 whaling_station:24,oil_rig:220
FRA,France,29,2476,banana_plantation coffee_plantation cotton_plantation dye_plantation silk_plantation sugar_plantation tea_plantation tobacco_plantation vineyard,livestock_ranch millet_farm rice_farm wheat_farm,coal_mine:386 fishing_wharf:153 iron_mine:438 lead_mine:107 logging_camp:249 sulfur_mine:98 whaling_station:10,gold_field:12 oil_rig:75 rubber_plantation:65
GBR,Great Britain,26,1183,banana_plantation coffee_plantation cotton_plantation dye_plantation silk_plantation sugar_plantation tea_plantation tobacco_plantation vineyard,livestock_ranch maize_farm rice_farm rye_farm wheat_farm,coal_mine:532 fishing_wharf:205 iron_mine:334 lead_mine:277 logging_camp:199 sulfur_mine:88 whaling_station:20,gold_field:12 oil_rig:90 rubber_plantation:88
TUR,Ottomans,27,877,banana_plantation cotton_plantation opium_plantation silk_plantation tea_plantation tobacco_plantation vineyard,livestock_ranch millet_farm rice_farm wheat_farm,coal_mine:232 fishing_wharf:136 iron_mine:242 lead_mine:87 logging_camp:198 sulfur_mine:73,oil_rig:160
JAP,Japan,11,845,cotton_plantation dye_plantation opium_plantation silk_plantation sugar_plantation tea_plantation tobacco_plantation vineyard,livestock_ranch rice_farm wheat_farm,coal_mine:129 fishing_wharf:136 gold_mine:7 iron_mine:101 lead_mine:207 logging_camp:115 sulfur_mine:149 whaling_station:24,gold_field:4 oil_rig:12
PRU,Prussia,12,716,vineyard,livestock_ranch rye_farm wheat_farm,coal_mine:438 fishing_wharf:30 iron_mine:150 lead_mine:84 logging_camp:131 sulfur_mine:112,
SPA,Spain,15,625,banana_plantation coffee_plantation cotton_plantation dye_plantation silk_plantation sugar_plantation tobacco_plantation vineyard,livestock_ranch maize_farm rice_farm wheat_farm,coal_mine:149 fishing_wharf:79 gold_mine:6 iron_mine:65 lead_mine:78 logging_camp:80 sulfur_mine:56 whaling_station:1,
AUS,Austria,15,1133,cotton_plantation silk_plantation vineyard,livestock_ranch rye_farm wheat_farm,coal_mine:620 fishing_wharf:54 gold_mine:7 iron_mine:179 lead_mine:51 logging_camp:143 sulfur_mine:36,oil_rig:180
MEX,Mexico,13,1140,banana_plantation coffee_plantation cotton_plantation dye_plantation opium_plantation sugar_plantation tobacco_plantation vineyard,livestock_ranch maize_farm,coal_mine:48 fishing_wharf:57 gold_mine:4 iron_mine:131 lead_mine:72 logging_camp:100,gold_field:9 oil_rig:120 rubber_plantation:82
KOR,Korea,5,405,cotton_plantation opium_plantation silk_plantation tea_plantation tobacco_plantation,livestock_ranch rice_farm,coal_mine:49 fishing_wharf:50 gold_mine:9 iron_mine:101 lead_mine:89 logging_camp:61 sulfur_mine:6 whaling_station:12,
BRZ,Brazil,14,850,banana_plantation coffee_plantation cotton_plantation dye_plantation sugar_plantation tea_plantation tobacco_plantation vineyard,livestock_ranch maize_farm rice_farm,coal_mine:40 fishing_wharf:60 gold_mine:2 iron_mine:132 lead_mine:30 logging_camp:208 whaling_station:8,gold_field:8 oil_rig:60 rubber_plantation:97
PER,Persia,11,640,cotton_plantation dye_plantation opium_plantation silk_plantation sugar_plantation tea_plantation tobacco_plantation vineyard,livestock_ranch rice_farm wheat_farm,coal_mine:118 fishing_wharf:17 iron_mine:183 lead_mine:71 logging_camp:57 sulfur_mine:50,oil_rig:160
EGY,Egypt,14,498,banana_plantation coffee_plantation cotton_plantation dye_plantation opium_plantation silk_plantation sugar_plantation tea_plantation tobacco_plantation vineyard,livestock_ranch millet_farm wheat_farm,coal_mine:88 fishing_wharf:65 iron_mine:39 logging_camp:53 sulfur_mine:41,oil_rig:25
PAN,Punjab,3,837,coffee_plantation cotton_plantation dye_plantation opium_plantation silk_plantation sugar_plantation tea_plantation tobacco_plantation vineyard,livestock_ranch wheat_farm,coal_mine:6 iron_mine:18 lead_mine:4 logging_camp:26,oil_rig:7
DEI,Dutch East Indies,10,550,banana_plantation coffee_plantation cotton_plantation dye_plantation sugar_plantation tea_plantation tobacco_plantation,livestock_ranch rice_farm,coal_mine:128 fishing_wharf:86 iron_mine:66 logging_camp:148 sulfur_mine:260,oil_rig:145 rubber_plantation:150
HUN,Hungary,7,610,vineyard,livestock_ranch wheat_farm,coal_mine:240 iron_mine:93 lead_mine:33 logging_camp:60,oil_rig:20
POR,Portugal,18,1824,banana_plantation coffee_plantation cotton_plantation dye_plantation opium_plantation silk_plantation sugar_plantation tea_plantation tobacco_plantation vineyard,livestock_ranch millet_farm rice_farm wheat_farm,coal_mine:56 fishing_wharf:141 gold_mine:7 iron_mine:129 lead_mine:9 logging_camp:163 sulfur_mine:62 whaling_station:18,gold_field:7 oil_rig:8 rubber_plantation:154
SIC,Two Sicilies,5,265,cotton_plantation silk_plantation sugar_plantation vineyard,livestock_ranch wheat_farm,coal_mine:16 fishing_wharf:53 iron_mine:24 logging_camp:37 sulfur_mine:100,
NET,Netherlands,6,240,banana_plantation coffee_plantation cotton_plantation dye_plantation sugar_plantation tobacco_plantation,livestock_ranch millet_farm rice_farm rye_farm,coal_mine:40 fishing_wharf:46 logging_camp:49 whaling_station:5,gold_field:12 oil_rig:110 rubber_plantation:38
SOK,Sokoto,5,440,banana_plantation coffee_plantation cotton_plantation dye_plantation sugar_plantation tea_plantation tobacco_plantation,livestock_ranch millet_farm,coal_mine:120 iron_mine:45 lead_mine:45 logging_camp:83,oil_rig:20 rubber_plantation:44
SAR,Sardinia-Piedmont,4,185,cotton_plantation silk_plantation vineyard,livestock_ranch rice_farm wheat_farm,coal_mine:48 fishing_wharf:28 iron_mine:90 lead_mine:90 logging_camp:37 sulfur_mine:20,
SWE,Sweden,5,110,,livestock_ranch rye_farm,coal_mine:8 fishing_wharf:51 iron_mine:175 lead_mine:18 logging_camp:142,
HYD,Hyderabad,1,250,banana_plantation cotton_plantation dye_plantation opium_plantation silk_plantation sugar_plantation tobacco_plantation,livestock_ranch rice_farm,coal_mine:6 iron_mine:4 logging_camp:16,
GRE,Greece,3,40,cotton_plantation tobacco_plantation vineyard,livestock_ranch wheat_farm,fishing_wharf:22 iron_mine:21 lead_mine:21 logging_camp:12 sulfur_mine:32,
DAI,Dai Nam,3,180,banana_plantation coffee_plantation cotton_plantation dye_plantation opium_plantation silk_plantation sugar_plantation tea_plantation,livestock_ranch rice_farm,coal_mine:62 fishing_wharf:38 iron_mine:27 logging_camp:52,rubber_plantation:30
NEP,Nepal,1,111,opium_plantation tea_plantation tobacco_plantation,livestock_ranch rice_farm,iron_mine:8 lead_mine:8 logging_camp:10,
CLM,Colombia,5,330,banana_plantation coffee_plantation cotton_plantation dye_plantation opium_plantation sugar_plantation tobacco_plantation,livestock_ranch maize_farm rice_farm,coal_mine:108 fishing_wharf:20 iron_mine:36 logging_camp:61 whaling_station:4,oil_rig:20 rubber_plantation:54
ARG,Argentina,6,760,banana_plantation coffee_plantation dye_plantation sugar_plantation tobacco_plantation vineyard,livestock_ranch maize_farm wheat_farm,fishing_wharf:14 gold_mine:6 iron_mine:75 lead_mine:33 logging_camp:62,oil_rig:40
SIA,Siam,5,200,banana_plantation coffee_plantation cotton_plantation dye_plantation opium_plantation silk_plantation sugar_plantation tea_plantation tobacco_plantation,livestock_ranch rice_farm,coal_mine:64 fishing_wharf:29 iron_mine:66 lead_mine:24 logging_camp:102,rubber_plantation:70
MOR,Morocco,4,230,banana_plantation cotton_plantation sugar_plantation vineyard,livestock_ranch wheat_farm,coal_mine:12 fishing_wharf:24 gold_mine:3 iron_mine:60 lead_mine:30 logging_camp:10 sulfur_mine:52,
OMA,Oman,6,283,banana_plantation coffee_plantation cotton_plantation dye_plantation opium_plantation silk_plantation sugar_plantation tea_plantation tobacco_plantation vineyard,livestock_ranch millet_farm wheat_farm,coal_mine:12 fishing_wharf:49 iron_mine:45 lead_mine:10 logging_camp:19,oil_rig:70 rubber_plantation:32
SHW,Shewa,1,130,coffee_plantation cotton_plantation dye_plantation sugar_plantation tea_plantation tobacco_plantation vineyard,livestock_ranch millet_farm,logging_camp:11,oil_rig:10 rubber_plantation:28
SAF,South Africa,3,150,banana_plantation cotton_plantation tea_plantation vineyard,livestock_ranch wheat_farm,coal_mine:56 fishing_wharf:18 iron_mine:33 logging_camp:19 whaling_station:4,gold_field:9
PHI,Philippines,4,210,banana_plantation coffee_plantation cotton_plantation dye_plantation sugar_plantation tea_plantation tobacco_plantation,livestock_ranch rice_farm,coal_mine:5 fishing_wharf:33 iron_mine:90 logging_camp:54 whaling_station:3,rubber_plantation:18
BEL,Belgium,2,145,,livestock_ranch wheat_farm,coal_mine:80 fishing_wharf:5 iron_mine:60 lead_mine:30 logging_camp:40 sulfur_mine:30,
BAV,Bavaria,3,200,vineyard,livestock_ranch wheat_farm,coal_mine:120 iron_mine:60 lead_mine:60 logging_camp:51,
BUR,Burma,4,159,banana_plantation cotton_plantation dye_plantation opium_plantation silk_plantation sugar_plantation tea_plantation tobacco_plantation,livestock_ranch rice_farm,coal_mine:5 fishing_wharf:10 gold_mine:5 iron_mine:31 lead_mine:34 logging_camp:79,oil_rig:31 rubber_plantation:31
