file,state,tag,building,levels,old_form,fd_region
zz_eco_starters.txt,STATE_BUENOS_AIRES,ARG,building_logging_camp,1,expanded,STATE_BUENOS_AIRES
zz_eco_starters.txt,STATE_CHACO,ARG,building_logging_camp,1,expanded,STATE_BUENOS_AIRES
zz_eco_starters.txt,STATE_CORRIENTES,ARG,building_logging_camp,1,expanded,STATE_BUENOS_AIRES
zz_eco_starters.txt,STATE_JUJUY,ARG,building_iron_mine,1,expanded,STATE_BUENOS_AIRES
zz_eco_starters.txt,STATE_JUJUY,ARG,building_logging_camp,1,expanded,STATE_BUENOS_AIRES
zz_eco_starters.txt,STATE_LA_PAMPA,ARG,building_logging_camp,1,expanded,STATE_BUENOS_AIRES
zz_eco_starters.txt,STATE_TUCUMAN,ARG,building_iron_mine,1,expanded,STATE_BUENOS_AIRES
zz_eco_starters.txt,STATE_TUCUMAN,ARG,building_logging_camp,1,expanded,STATE_BUENOS_AIRES
zz_eco_starters.txt,STATE_AUSTRIA,AUS,building_logging_camp,1,expanded,STATE_AUSTRIA
zz_eco_starters.txt,STATE_BUKOVINA,AUS,building_iron_mine,1,expanded,STATE_AUSTRIA
zz_eco_starters.txt,STATE_DALMATIA,AUS,building_logging_camp,1,expanded,STATE_AUSTRIA
zz_eco_starters.txt,STATE_EAST_GALICIA,AUS,building_logging_camp,1,expanded,STATE_AUSTRIA
zz_eco_starters.txt,STATE_ISTRIA,AUS,building_logging_camp,1,expanded,STATE_AUSTRIA
zz_eco_starters.txt,STATE_LOMBARDY,AUS,building_iron_mine,1,expanded,STATE_AUSTRIA
zz_eco_starters.txt,STATE_LOMBARDY,AUS,building_logging_camp,1,expanded,STATE_AUSTRIA
zz_eco_starters.txt,STATE_MONTENEGRO,AUS,building_logging_camp,1,expanded,STATE_AUSTRIA
zz_eco_starters.txt,STATE_MORAVIA,AUS,building_iron_mine,1,expanded,STATE_AUSTRIA
zz_eco_starters.txt,STATE_SOUTH_TYROL,AUS,building_logging_camp,1,expanded,STATE_AUSTRIA
zz_eco_starters.txt,STATE_STYRIA,AUS,building_logging_camp,1,expanded,STATE_AUSTRIA
zz_eco_starters.txt,STATE_TYROL,AUS,building_logging_camp,1,expanded,STATE_AUSTRIA
zz_eco_starters.txt,STATE_VENETIA,AUS,building_logging_camp,1,expanded,STATE_AUSTRIA
zz_eco_starters.txt,STATE_WEST_GALICIA,AUS,building_logging_camp,1,expanded,STATE_AUSTRIA
zz_eco_starters.txt,STATE_FRANCONIA,BAV,building_iron_mine,1,expanded,STATE_BAVARIA
zz_eco_starters.txt,STATE_RHINELAND,BAV,building_logging_camp,1,expanded,STATE_BAVARIA
zz_eco_starters.txt,STATE_GELRE,BEL,building_logging_camp,1,expanded,STATE_FLANDERS
zz_eco_starters.txt,STATE_ARAKAN,BIC,building_logging_camp,1,expanded,STATE_WEST_BENGAL
zz_eco_starters.txt,STATE_AWADH,BIC,building_logging_camp,1,expanded,STATE_WEST_BENGAL
zz_eco_starters.txt,STATE_BIHAR,BIC,building_iron_mine,1,expanded,STATE_WEST_BENGAL
zz_eco_starters.txt,STATE_BIHAR,BIC,building_logging_camp,1,expanded,STATE_WEST_BENGAL
zz_eco_starters.txt,STATE_BOMBAY,BIC,building_iron_mine,1,expanded,STATE_WEST_BENGAL
zz_eco_starters.txt,STATE_CENTRAL_PROVINCES,BIC,building_logging_camp,1,expanded,STATE_WEST_BENGAL
zz_eco_starters.txt,STATE_CIRCARS,BIC,building_iron_mine,1,expanded,STATE_WEST_BENGAL
zz_eco_starters.txt,STATE_CIRCARS,BIC,building_logging_camp,1,expanded,STATE_WEST_BENGAL
zz_eco_starters.txt,STATE_DELHI,BIC,building_logging_camp,1,expanded,STATE_WEST_BENGAL
zz_eco_starters.txt,STATE_GUJARAT,BIC,building_logging_camp,1,expanded,STATE_WEST_BENGAL
zz_eco_starters.txt,STATE_KURNOOL,BIC,building_iron_mine,1,expanded,STATE_WEST_BENGAL
zz_eco_starters.txt,STATE_KURNOOL,BIC,building_logging_camp,1,expanded,STATE_WEST_BENGAL
zz_eco_starters.txt,STATE_MYSORE,BIC,building_iron_mine,1,expanded,STATE_WEST_BENGAL
zz_eco_starters.txt,STATE_MYSORE,BIC,building_logging_camp,1,expanded,STATE_WEST_BENGAL
zz_eco_starters.txt,STATE_ORISSA,BIC,building_iron_mine,1,expanded,STATE_WEST_BENGAL
zz_eco_starters.txt,STATE_PEGU,BIC,building_logging_camp,1,expanded,STATE_WEST_BENGAL
zz_eco_starters.txt,STATE_RAJPUTANA,BIC,building_iron_mine,1,expanded,STATE_WEST_BENGAL
zz_eco_starters.txt,STATE_TENASSERIM,BIC,building_iron_mine,1,expanded,STATE_WEST_BENGAL
zz_eco_starters.txt,STATE_TENASSERIM,BIC,building_logging_camp,1,expanded,STATE_WEST_BENGAL
zz_eco_starters.txt,STATE_TRAVANCORE,BIC,building_logging_camp,1,expanded,STATE_WEST_BENGAL
zz_eco_starters.txt,STATE_BAHIA,BRZ,building_iron_mine,1,expanded,STATE_RIO_DE_JANEIRO
zz_eco_starters.txt,STATE_CEARA,BRZ,building_iron_mine,1,expanded,STATE_RIO_DE_JANEIRO
zz_eco_starters.txt,STATE_MATO_GROSSO,BRZ,building_iron_mine,1,expanded,STATE_RIO_DE_JANEIRO
zz_eco_starters.txt,STATE_PARAIBA,BRZ,building_logging_camp,1,expanded,STATE_RIO_DE_JANEIRO
zz_eco_starters.txt,STATE_PERNAMBUCO,BRZ,building_logging_camp,1,expanded,STATE_RIO_DE_JANEIRO
zz_eco_starters.txt,STATE_PIAUI,BRZ,building_iron_mine,1,expanded,STATE_RIO_DE_JANEIRO
zz_eco_starters.txt,STATE_RIO_DE_JANEIRO,BRZ,building_logging_camp,1,expanded,STATE_RIO_DE_JANEIRO
zz_eco_starters.txt,STATE_KACHIN,BUR,building_iron_mine,1,expanded,STATE_MANDALAY
zz_eco_starters.txt,STATE_KACHIN,BUR,building_logging_camp,1,expanded,STATE_MANDALAY
zz_eco_starters.txt,STATE_MANDALAY,BUR,building_iron_mine,1,expanded,STATE_MANDALAY
zz_eco_starters.txt,STATE_MANDALAY,BUR,building_logging_camp,1,expanded,STATE_MANDALAY
zz_eco_starters.txt,STATE_PEGU,BUR,building_logging_camp,1,expanded,STATE_MANDALAY
zz_eco_starters.txt,STATE_ALTAI,CHI,building_iron_mine,1,expanded,STATE_BEIJING
zz_eco_starters.txt,STATE_ALTAI,CHI,building_logging_camp,1,expanded,STATE_BEIJING
zz_eco_starters.txt,STATE_AMUR,CHI,building_iron_mine,1,expanded,STATE_BEIJING
zz_eco_starters.txt,STATE_AMUR,CHI,building_logging_camp,1,expanded,STATE_BEIJING
zz_eco_starters.txt,STATE_BEIJING,CHI,building_iron_mine,1,expanded,STATE_BEIJING
zz_eco_starters.txt,STATE_CHONGQING,CHI,building_logging_camp,1,expanded,STATE_BEIJING
zz_eco_starters.txt,STATE_DZUNGARIA,CHI,building_iron_mine,1,expanded,STATE_BEIJING
zz_eco_starters.txt,STATE_EASTERN_HUBEI,CHI,building_logging_camp,1,expanded,STATE_BEIJING
zz_eco_starters.txt,STATE_FORMOSA,CHI,building_logging_camp,1,expanded,STATE_BEIJING
zz_eco_starters.txt,STATE_FUJIAN,CHI,building_logging_camp,1,expanded,STATE_BEIJING
zz_eco_starters.txt,STATE_GANSU,CHI,building_logging_camp,1,expanded,STATE_BEIJING
zz_eco_starters.txt,STATE_GUANGDONG,CHI,building_logging_camp,1,expanded,STATE_BEIJING
zz_eco_starters.txt,STATE_GUANGXI,CHI,building_logging_camp,1,expanded,STATE_BEIJING
zz_eco_starters.txt,STATE_HENAN,CHI,building_logging_camp,1,expanded,STATE_BEIJING
zz_eco_starters.txt,STATE_HINGGAN,CHI,building_iron_mine,1,expanded,STATE_BEIJING
zz_eco_starters.txt,STATE_HINGGAN,CHI,building_logging_camp,1,expanded,STATE_BEIJING
zz_eco_starters.txt,STATE_JIANGSU,CHI,building_logging_camp,1,expanded,STATE_BEIJING
zz_eco_starters.txt,STATE_JIANGXI,CHI,building_logging_camp,1,expanded,STATE_BEIJING
zz_eco_starters.txt,STATE_KIRGHIZIA,CHI,building_logging_camp,1,expanded,STATE_BEIJING
zz_eco_starters.txt,STATE_NANJING,CHI,building_logging_camp,1,expanded,STATE_BEIJING
zz_eco_starters.txt,STATE_NINGXIA,CHI,building_logging_camp,1,expanded,STATE_BEIJING
zz_eco_starters.txt,STATE_NORTHERN_ANHUI,CHI,building_logging_camp,1,expanded,STATE_BEIJING
zz_eco_starters.txt,STATE_OUTER_MANCHURIA,CHI,building_iron_mine,1,expanded,STATE_BEIJING
zz_eco_starters.txt,STATE_OUTER_MANCHURIA,CHI,building_logging_camp,1,expanded,STATE_BEIJING
zz_eco_starters.txt,STATE_QINGHAI,CHI,building_logging_camp,1,expanded,STATE_BEIJING
zz_eco_starters.txt,STATE_SHANDONG,CHI,building_logging_camp,1,expanded,STATE_BEIJING
zz_eco_starters.txt,STATE_SHANXI,CHI,building_iron_mine,1,expanded,STATE_BEIJING
zz_eco_starters.txt,STATE_SHANXI,CHI,building_logging_camp,1,expanded,STATE_BEIJING
zz_eco_starters.txt,STATE_SHAOZHOU,CHI,building_logging_camp,1,expanded,STATE_BEIJING
zz_eco_starters.txt,STATE_SHENGJING,CHI,building_iron_mine,1,expanded,STATE_BEIJING
zz_eco_starters.txt,STATE_SHENGJING,CHI,building_logging_camp,1,expanded,STATE_BEIJING
zz_eco_starters.txt,STATE_SOUTHERN_ANHUI,CHI,building_logging_camp,1,expanded,STATE_BEIJING
zz_eco_starters.txt,STATE_SUZHOU,CHI,building_logging_camp,1,expanded,STATE_BEIJING
zz_eco_starters.txt,STATE_TUVA,CHI,building_iron_mine,1,expanded,STATE_BEIJING
zz_eco_starters.txt,STATE_TUVA,CHI,building_logging_camp,1,expanded,STATE_BEIJING
zz_eco_starters.txt,STATE_ULIASTAI,CHI,building_iron_mine,1,expanded,STATE_BEIJING
zz_eco_starters.txt,STATE_ULIASTAI,CHI,building_logging_camp,1,expanded,STATE_BEIJING
zz_eco_starters.txt,STATE_URGA,CHI,building_iron_mine,1,expanded,STATE_BEIJING
zz_eco_starters.txt,STATE_URGA,CHI,building_logging_camp,1,expanded,STATE_BEIJING
zz_eco_starters.txt,STATE_WESTERN_HUBEI,CHI,building_logging_camp,1,expanded,STATE_BEIJING
zz_eco_starters.txt,STATE_XIAN,CHI,building_logging_camp,1,expanded,STATE_BEIJING
zz_eco_starters.txt,STATE_YUNNAN,CHI,building_iron_mine,1,expanded,STATE_BEIJING
zz_eco_starters.txt,STATE_ZHEJIANG,CHI,building_logging_camp,1,expanded,STATE_BEIJING
zz_eco_starters.txt,STATE_ZHILI,CHI,building_logging_camp,1,expanded,STATE_BEIJING
zz_eco_starters.txt,STATE_AMAZONAS,CLM,building_logging_camp,1,expanded,STATE_CUNDINAMARCA
zz_eco_starters.txt,STATE_ANTIOQUIA,CLM,building_iron_mine,1,expanded,STATE_CUNDINAMARCA
zz_eco_starters.txt,STATE_ANTIOQUIA,CLM,building_logging_camp,1,expanded,STATE_CUNDINAMARCA
zz_eco_starters.txt,STATE_CAUCA,CLM,building_logging_camp,1,expanded,STATE_CUNDINAMARCA
zz_eco_starters.txt,STATE_PANAMA,CLM,building_logging_camp,1,expanded,STATE_CUNDINAMARCA
zz_eco_starters.txt,STATE_ANNAM,DAI,building_iron_mine,1,expanded,STATE_ANNAM
zz_eco_starters.txt,STATE_ANNAM,DAI,building_logging_camp,1,expanded,STATE_ANNAM
zz_eco_starters.txt,STATE_LAOS,DAI,building_iron_mine,1,expanded,STATE_ANNAM
zz_eco_starters.txt,STATE_LAOS,DAI,building_logging_camp,1,expanded,STATE_ANNAM
zz_eco_starters.txt,STATE_MEKONG,DAI,building_logging_camp,1,expanded,STATE_ANNAM
zz_eco_starters.txt,STATE_ACEH,DEI,building_iron_mine,1,expanded,STATE_WEST_JAVA
zz_eco_starters.txt,STATE_ACEH,DEI,building_logging_camp,1,expanded,STATE_WEST_JAVA
zz_eco_starters.txt,STATE_CELEBES,DEI,building_iron_mine,1,expanded,STATE_WEST_JAVA
zz_eco_starters.txt,STATE_CELEBES,DEI,building_logging_camp,1,expanded,STATE_WEST_JAVA
zz_eco_starters.txt,STATE_EAST_BORNEO,DEI,building_logging_camp,1,expanded,STATE_WEST_JAVA
zz_eco_starters.txt,STATE_MOLUCCAS,DEI,building_logging_camp,1,expanded,STATE_WEST_JAVA
zz_eco_starters.txt,STATE_SUNDA_ISLANDS,DEI,building_iron_mine,1,expanded,STATE_WEST_JAVA
zz_eco_starters.txt,STATE_SUNDA_ISLANDS,DEI,building_logging_camp,1,expanded,STATE_WEST_JAVA
zz_eco_starters.txt,STATE_WEST_BORNEO,DEI,building_logging_camp,1,expanded,STATE_WEST_JAVA
zz_eco_starters.txt,STATE_ADANA,EGY,building_logging_camp,1,expanded,STATE_LOWER_EGYPT
zz_eco_starters.txt,STATE_ALEPPO,EGY,building_logging_camp,1,expanded,STATE_LOWER_EGYPT
zz_eco_starters.txt,STATE_CRETE,EGY,building_logging_camp,1,expanded,STATE_LOWER_EGYPT
zz_eco_starters.txt,STATE_DONGOLA,EGY,building_logging_camp,1,expanded,STATE_LOWER_EGYPT
zz_eco_starters.txt,STATE_ERITREA,EGY,building_iron_mine,1,expanded,STATE_LOWER_EGYPT
zz_eco_starters.txt,STATE_KORDOFAN,EGY,building_logging_camp,1,expanded,STATE_LOWER_EGYPT
zz_eco_starters.txt,STATE_LEBANON,EGY,building_logging_camp,1,expanded,STATE_LOWER_EGYPT
zz_eco_starters.txt,STATE_LOWER_EGYPT,EGY,building_logging_camp,1,expanded,STATE_LOWER_EGYPT
zz_eco_starters.txt,STATE_MIDDLE_EGYPT,EGY,building_logging_camp,1,expanded,STATE_LOWER_EGYPT
zz_eco_starters.txt,STATE_PALESTINE,EGY,building_iron_mine,1,expanded,STATE_LOWER_EGYPT
zz_eco_starters.txt,STATE_PALESTINE,EGY,building_logging_camp,1,expanded,STATE_LOWER_EGYPT
zz_eco_starters.txt,STATE_SINAI,EGY,building_iron_mine,1,expanded,STATE_LOWER_EGYPT
zz_eco_starters.txt,STATE_SYRIA,EGY,building_logging_camp,1,expanded,STATE_LOWER_EGYPT
zz_eco_starters.txt,STATE_TRANSJORDAN,EGY,building_logging_camp,1,expanded,STATE_LOWER_EGYPT
zz_eco_starters.txt,STATE_UPPER_EGYPT,EGY,building_logging_camp,1,expanded,STATE_LOWER_EGYPT
zz_eco_starters.txt,STATE_ALGIERS,FRA,building_iron_mine,1,expanded,STATE_ILE_DE_FRANCE
zz_eco_starters.txt,STATE_ALGIERS,FRA,building_logging_camp,1,expanded,STATE_ILE_DE_FRANCE
zz_eco_starters.txt,STATE_AUVERGNE_LIMOUSIN,FRA,building_iron_mine,1,expanded,STATE_ILE_DE_FRANCE
zz_eco_starters.txt,STATE_CHAMPAGNE,FRA,building_iron_mine,1,expanded,STATE_ILE_DE_FRANCE
zz_eco_starters.txt,STATE_CONSTANTINE,FRA,building_iron_mine,1,expanded,STATE_ILE_DE_FRANCE
zz_eco_starters.txt,STATE_CONSTANTINE,FRA,building_logging_camp,1,expanded,STATE_ILE_DE_FRANCE
zz_eco_starters.txt,STATE_CORSICA,FRA,building_logging_camp,1,expanded,STATE_ILE_DE_FRANCE
zz_eco_starters.txt,STATE_FRANCHE_COMTE,FRA,building_logging_camp,1,expanded,STATE_ILE_DE_FRANCE
zz_eco_starters.txt,STATE_GUAYANA,FRA,building_logging_camp,1,expanded,STATE_ILE_DE_FRANCE
zz_eco_starters.txt,STATE_GUYENNE,FRA,building_logging_camp,1,expanded,STATE_ILE_DE_FRANCE
zz_eco_starters.txt,STATE_ILE_DE_FRANCE,FRA,building_logging_camp,1,expanded,STATE_ILE_DE_FRANCE
zz_eco_starters.txt,STATE_LANGUEDOC,FRA,building_logging_camp,1,expanded,STATE_ILE_DE_FRANCE
zz_eco_starters.txt,STATE_LORRAINE,FRA,building_iron_mine,1,expanded,STATE_ILE_DE_FRANCE
zz_eco_starters.txt,STATE_MADRAS,FRA,building_iron_mine,1,expanded,STATE_ILE_DE_FRANCE
zz_eco_starters.txt,STATE_MADRAS,FRA,building_logging_camp,1,expanded,STATE_ILE_DE_FRANCE
zz_eco_starters.txt,STATE_MAINE_ANJOU,FRA,building_iron_mine,1,expanded,STATE_ILE_DE_FRANCE
zz_eco_starters.txt,STATE_NORMANDY,FRA,building_iron_mine,1,expanded,STATE_ILE_DE_FRANCE
zz_eco_starters.txt,STATE_NORMANDY,FRA,building_logging_camp,1,expanded,STATE_ILE_DE_FRANCE
zz_eco_starters.txt,STATE_ORAN,FRA,building_iron_mine,1,expanded,STATE_ILE_DE_FRANCE
zz_eco_starters.txt,STATE_ORAN,FRA,building_logging_camp,1,expanded,STATE_ILE_DE_FRANCE
zz_eco_starters.txt,STATE_ORLEANS,FRA,building_logging_camp,1,expanded,STATE_ILE_DE_FRANCE
zz_eco_starters.txt,STATE_PICARDY,FRA,building_logging_camp,1,expanded,STATE_ILE_DE_FRANCE
zz_eco_starters.txt,STATE_POITOU,FRA,building_logging_camp,1,expanded,STATE_ILE_DE_FRANCE
zz_eco_starters.txt,STATE_PROVENCE,FRA,building_logging_camp,1,expanded,STATE_ILE_DE_FRANCE
zz_eco_starters.txt,STATE_RHONE,FRA,building_iron_mine,1,expanded,STATE_ILE_DE_FRANCE
zz_eco_starters.txt,STATE_SENEGAL,FRA,building_iron_mine,1,expanded,STATE_ILE_DE_FRANCE
zz_eco_starters.txt,STATE_CEYLON,GBR,building_logging_camp,1,expanded,STATE_HOME_COUNTIES
zz_eco_starters.txt,STATE_CONNAUGHT,GBR,building_logging_camp,1,expanded,STATE_HOME_COUNTIES
zz_eco_starters.txt,STATE_EAST_ANGLIA,GBR,building_logging_camp,1,expanded,STATE_HOME_COUNTIES
zz_eco_starters.txt,STATE_GUATEMALA,GBR,building_iron_mine,1,expanded,STATE_HOME_COUNTIES
zz_eco_starters.txt,STATE_GUATEMALA,GBR,building_logging_camp,1,expanded,STATE_HOME_COUNTIES
zz_eco_starters.txt,STATE_GUAYANA,GBR,building_logging_camp,1,expanded,STATE_HOME_COUNTIES
zz_eco_starters.txt,STATE_HOME_COUNTIES,GBR,building_logging_camp,1,expanded,STATE_HOME_COUNTIES
zz_eco_starters.txt,STATE_JAMAICA,GBR,building_logging_camp,1,expanded,STATE_HOME_COUNTIES
zz_eco_starters.txt,STATE_LANCASHIRE,GBR,building_logging_camp,1,expanded,STATE_HOME_COUNTIES
zz_eco_starters.txt,STATE_LEINSTER,GBR,building_iron_mine,1,expanded,STATE_HOME_COUNTIES
zz_eco_starters.txt,STATE_LEINSTER,GBR,building_logging_camp,1,expanded,STATE_HOME_COUNTIES
zz_eco_starters.txt,STATE_MALAYA,GBR,building_logging_camp,1,expanded,STATE_HOME_COUNTIES
zz_eco_starters.txt,STATE_MIDLANDS,GBR,building_logging_camp,1,expanded,STATE_HOME_COUNTIES
zz_eco_starters.txt,STATE_MUNSTER,GBR,building_logging_camp,1,expanded,STATE_HOME_COUNTIES
zz_eco_starters.txt,STATE_NEWFOUNDLAND,GBR,building_iron_mine,1,expanded,STATE_HOME_COUNTIES
zz_eco_starters.txt,STATE_NEWFOUNDLAND,GBR,building_logging_camp,1,expanded,STATE_HOME_COUNTIES
zz_eco_starters.txt,STATE_UPPER_ANDALUSIA,GBR,building_iron_mine,1,expanded,STATE_HOME_COUNTIES
zz_eco_starters.txt,STATE_WEST_COUNTRY,GBR,building_logging_camp,1,expanded,STATE_HOME_COUNTIES
zz_eco_starters.txt,STATE_YORKSHIRE,GBR,building_logging_camp,1,expanded,STATE_HOME_COUNTIES
zz_eco_starters.txt,STATE_PELOPONNESE,GRE,building_iron_mine,1,expanded,STATE_ATTICA
zz_eco_starters.txt,STATE_PELOPONNESE,GRE,building_logging_camp,1,expanded,STATE_ATTICA
zz_eco_starters.txt,STATE_BANAT,HUN,building_logging_camp,1,expanded,STATE_CENTRAL_HUNGARY
zz_eco_starters.txt,STATE_BEKES,HUN,building_logging_camp,1,expanded,STATE_CENTRAL_HUNGARY
zz_eco_starters.txt,STATE_CENTRAL_HUNGARY,HUN,building_logging_camp,1,expanded,STATE_CENTRAL_HUNGARY
zz_eco_starters.txt,STATE_DELVIDEK,HUN,building_logging_camp,1,expanded,STATE_CENTRAL_HUNGARY
zz_eco_starters.txt,STATE_SLOVAKIA,HUN,building_logging_camp,1,expanded,STATE_CENTRAL_HUNGARY
zz_eco_starters.txt,STATE_TRANSDANUBIA,HUN,building_logging_camp,1,expanded,STATE_CENTRAL_HUNGARY
zz_eco_starters.txt,STATE_CENTRAL_PROVINCES,HYD,building_iron_mine,1,expanded,STATE_HYDERABAD
zz_eco_starters.txt,STATE_CENTRAL_PROVINCES,HYD,building_logging_camp,1,expanded,STATE_HYDERABAD
zz_eco_starters.txt,STATE_HYDERABAD,HYD,building_logging_camp,1,expanded,STATE_HYDERABAD
zz_eco_starters.txt,STATE_CHUGOKU,JAP,building_iron_mine,1,expanded,STATE_KYOTO
zz_eco_starters.txt,STATE_CHUGOKU,JAP,building_logging_camp,1,expanded,STATE_KYOTO
zz_eco_starters.txt,STATE_HOKKAIDO,JAP,building_iron_mine,1,expanded,STATE_KYOTO
zz_eco_starters.txt,STATE_HOKKAIDO,JAP,building_logging_camp,1,expanded,STATE_KYOTO
zz_eco_starters.txt,STATE_HOKUSHINETSU,JAP,building_iron_mine,1,expanded,STATE_KYOTO
zz_eco_starters.txt,STATE_KANTO,JAP,building_iron_mine,1,expanded,STATE_KYOTO
zz_eco_starters.txt,STATE_KYUSHU,JAP,building_logging_camp,1,expanded,STATE_KYOTO
zz_eco_starters.txt,STATE_BUSAN,KOR,building_iron_mine,1,expanded,STATE_SEOUL
zz_eco_starters.txt,STATE_BUSAN,KOR,building_logging_camp,1,expanded,STATE_SEOUL
zz_eco_starters.txt,STATE_PYONGYANG,KOR,building_logging_camp,1,expanded,STATE_SEOUL
zz_eco_starters.txt,STATE_SARIWON,KOR,building_iron_mine,1,expanded,STATE_SEOUL
zz_eco_starters.txt,STATE_SARIWON,KOR,building_logging_camp,1,expanded,STATE_SEOUL
zz_eco_starters.txt,STATE_SEOUL,KOR,building_logging_camp,1,expanded,STATE_SEOUL
zz_eco_starters.txt,STATE_ARIZONA,MEX,building_iron_mine,1,expanded,STATE_MEXICO
zz_eco_starters.txt,STATE_ARIZONA,MEX,building_logging_camp,1,expanded,STATE_MEXICO
zz_eco_starters.txt,STATE_BAJA_CALIFORNIA,MEX,building_logging_camp,1,expanded,STATE_MEXICO
zz_eco_starters.txt,STATE_BAJIO,MEX,building_iron_mine,1,expanded,STATE_MEXICO
zz_eco_starters.txt,STATE_CALIFORNIA,MEX,building_iron_mine,1,expanded,STATE_MEXICO
zz_eco_starters.txt,STATE_CALIFORNIA,MEX,building_logging_camp,1,expanded,STATE_MEXICO
zz_eco_starters.txt,STATE_CHIAPAS,MEX,building_logging_camp,1,expanded,STATE_MEXICO
zz_eco_starters.txt,STATE_CHIHUAHUA,MEX,building_logging_camp,1,expanded,STATE_MEXICO
zz_eco_starters.txt,STATE_COLORADO,MEX,building_logging_camp,1,expanded,STATE_MEXICO
zz_eco_starters.txt,STATE_DURANGO,MEX,building_iron_mine,1,expanded,STATE_MEXICO
zz_eco_starters.txt,STATE_DURANGO,MEX,building_logging_camp,1,expanded,STATE_MEXICO
zz_eco_starters.txt,STATE_JALISCO,MEX,building_iron_mine,1,expanded,STATE_MEXICO
zz_eco_starters.txt,STATE_MEXICO,MEX,building_logging_camp,1,expanded,STATE_MEXICO
zz_eco_starters.txt,STATE_NEVADA,MEX,building_iron_mine,1,expanded,STATE_MEXICO
zz_eco_starters.txt,STATE_NEVADA,MEX,building_logging_camp,1,expanded,STATE_MEXICO
zz_eco_starters.txt,STATE_NEW_MEXICO,MEX,building_logging_camp,1,expanded,STATE_MEXICO
zz_eco_starters.txt,STATE_OAXACA,MEX,building_logging_camp,1,expanded,STATE_MEXICO
zz_eco_starters.txt,STATE_SINALOA,MEX,building_iron_mine,1,expanded,STATE_MEXICO
zz_eco_starters.txt,STATE_SINALOA,MEX,building_logging_camp,1,expanded,STATE_MEXICO
zz_eco_starters.txt,STATE_SONORA,MEX,building_iron_mine,1,expanded,STATE_MEXICO
zz_eco_starters.txt,STATE_SONORA,MEX,building_logging_camp,1,expanded,STATE_MEXICO
zz_eco_starters.txt,STATE_TEXAS,MEX,building_logging_camp,1,expanded,STATE_MEXICO
zz_eco_starters.txt,STATE_UTAH,MEX,building_iron_mine,1,expanded,STATE_MEXICO
zz_eco_starters.txt,STATE_UTAH,MEX,building_logging_camp,1,expanded,STATE_MEXICO
zz_eco_starters.txt,STATE_VERACRUZ,MEX,building_logging_camp,1,expanded,STATE_MEXICO
zz_eco_starters.txt,STATE_YUCATAN,MEX,building_logging_camp,1,expanded,STATE_MEXICO
zz_eco_starters.txt,STATE_FEZ,MOR,building_logging_camp,1,expanded,STATE_FEZ
zz_eco_starters.txt,STATE_MARRAKECH,MOR,building_iron_mine,1,expanded,STATE_FEZ
zz_eco_starters.txt,STATE_HIMALAYAS,NEP,building_coal_mine,1,expanded,STATE_HIMALAYAS
zz_eco_starters.txt,STATE_HIMALAYAS,NEP,building_iron_mine,1,expanded,STATE_HIMALAYAS
zz_eco_starters.txt,STATE_HIMALAYAS,NEP,building_logging_camp,1,expanded,STATE_HIMALAYAS
zz_eco_starters.txt,STATE_GUAYANA,NET,building_logging_camp,1,expanded,STATE_HOLLAND
zz_eco_starters.txt,STATE_HOLLAND,NET,building_logging_camp,1,expanded,STATE_HOLLAND
zz_eco_starters.txt,STATE_KENYA,OMA,building_logging_camp,1,expanded,STATE_OMAN
zz_eco_starters.txt,STATE_LARISTAN,OMA,building_iron_mine,1,expanded,STATE_OMAN
zz_eco_starters.txt,STATE_LARISTAN,OMA,building_logging_camp,1,expanded,STATE_OMAN
zz_eco_starters.txt,STATE_PASHTUNISTAN,PAN,building_logging_camp,1,expanded,STATE_PUNJAB
zz_eco_starters.txt,STATE_PUNJAB,PAN,building_iron_mine,1,expanded,STATE_PUNJAB
zz_eco_starters.txt,STATE_FARS,PER,building_iron_mine,1,expanded,STATE_IRAKAJEMI
zz_eco_starters.txt,STATE_FARS,PER,building_logging_camp,1,expanded,STATE_IRAKAJEMI
zz_eco_starters.txt,STATE_IRAKAJEMI,PER,building_iron_mine,1,expanded,STATE_IRAKAJEMI
zz_eco_starters.txt,STATE_IRAKAJEMI,PER,building_logging_camp,1,expanded,STATE_IRAKAJEMI
zz_eco_starters.txt,STATE_ISFAHAN,PER,building_iron_mine,1,expanded,STATE_IRAKAJEMI
zz_eco_starters.txt,STATE_ISFAHAN,PER,building_logging_camp,1,expanded,STATE_IRAKAJEMI
zz_eco_starters.txt,STATE_KERMAN,PER,building_iron_mine,1,expanded,STATE_IRAKAJEMI
zz_eco_starters.txt,STATE_KERMAN,PER,building_logging_camp,1,expanded,STATE_IRAKAJEMI
zz_eco_starters.txt,STATE_KHORASAN,PER,building_iron_mine,1,expanded,STATE_IRAKAJEMI
zz_eco_starters.txt,STATE_KHORASAN,PER,building_logging_camp,1,expanded,STATE_IRAKAJEMI
zz_eco_starters.txt,STATE_LARISTAN,PER,building_logging_camp,1,expanded,STATE_IRAKAJEMI
zz_eco_starters.txt,STATE_LURISTAN,PER,building_logging_camp,1,expanded,STATE_IRAKAJEMI
zz_eco_starters.txt,STATE_PERSIAN_KURDISTAN,PER,building_logging_camp,1,expanded,STATE_IRAKAJEMI
zz_eco_starters.txt,STATE_SEMNAN,PER,building_logging_camp,1,expanded,STATE_IRAKAJEMI
zz_eco_starters.txt,STATE_URMIA,PER,building_logging_camp,1,expanded,STATE_IRAKAJEMI
zz_eco_starters.txt,STATE_LUZON,PHI,building_iron_mine,1,expanded,STATE_LUZON
zz_eco_starters.txt,STATE_LUZON,PHI,building_logging_camp,1,expanded,STATE_LUZON
zz_eco_starters.txt,STATE_MINDANAO,PHI,building_iron_mine,1,expanded,STATE_LUZON
zz_eco_starters.txt,STATE_MINDANAO,PHI,building_logging_camp,1,expanded,STATE_LUZON
zz_eco_starters.txt,STATE_VISAYAS,PHI,building_logging_camp,1,expanded,STATE_LUZON
zz_eco_starters.txt,STATE_ALENTEJO,POR,building_iron_mine,1,expanded,STATE_ESTREMADURA
zz_eco_starters.txt,STATE_AZORES,POR,building_logging_camp,1,expanded,STATE_ESTREMADURA
zz_eco_starters.txt,STATE_BEIRA,POR,building_iron_mine,1,expanded,STATE_ESTREMADURA
zz_eco_starters.txt,STATE_BOMBAY,POR,building_iron_mine,1,expanded,STATE_ESTREMADURA
zz_eco_starters.txt,STATE_BOMBAY,POR,building_logging_camp,1,expanded,STATE_ESTREMADURA
zz_eco_starters.txt,STATE_CAPE_VERDE,POR,building_logging_camp,1,expanded,STATE_ESTREMADURA
zz_eco_starters.txt,STATE_ENTRE_DOURO_E_MINHO,POR,building_iron_mine,1,expanded,STATE_ESTREMADURA
zz_eco_starters.txt,STATE_GUANGDONG,POR,building_logging_camp,1,expanded,STATE_ESTREMADURA
zz_eco_starters.txt,STATE_GUINEA,POR,building_logging_camp,1,expanded,STATE_ESTREMADURA
zz_eco_starters.txt,STATE_GUJARAT,POR,building_logging_camp,1,expanded,STATE_ESTREMADURA
zz_eco_starters.txt,STATE_LOURENCO_MARQUES,POR,building_logging_camp,1,expanded,STATE_ESTREMADURA
zz_eco_starters.txt,STATE_MADEIRA,POR,building_logging_camp,1,expanded,STATE_ESTREMADURA
zz_eco_starters.txt,STATE_MOCAMBIQUE,POR,building_logging_camp,1,expanded,STATE_ESTREMADURA
zz_eco_starters.txt,STATE_NORTH_ANGOLA,POR,building_logging_camp,1,expanded,STATE_ESTREMADURA
zz_eco_starters.txt,STATE_SENEGAL,POR,building_iron_mine,1,expanded,STATE_ESTREMADURA
zz_eco_starters.txt,STATE_SOUTH_ANGOLA,POR,building_logging_camp,1,expanded,STATE_ESTREMADURA
zz_eco_starters.txt,STATE_SOUTH_CAMEROON,POR,building_logging_camp,1,expanded,STATE_ESTREMADURA
zz_eco_starters.txt,STATE_SUNDA_ISLANDS,POR,building_iron_mine,1,expanded,STATE_ESTREMADURA
zz_eco_starters.txt,STATE_SUNDA_ISLANDS,POR,building_logging_camp,1,expanded,STATE_ESTREMADURA
zz_eco_starters.txt,STATE_ZAMBEZIA,POR,building_iron_mine,1,expanded,STATE_ESTREMADURA
zz_eco_starters.txt,STATE_BRANDENBURG,PRU,building_logging_camp,1,expanded,STATE_BRANDENBURG
zz_eco_starters.txt,STATE_BRUNSWICK,PRU,building_iron_mine,1,expanded,STATE_BRANDENBURG
zz_eco_starters.txt,STATE_BRUNSWICK,PRU,building_logging_camp,1,expanded,STATE_BRANDENBURG
zz_eco_starters.txt,STATE_LOWER_SILESIA,PRU,building_logging_camp,1,expanded,STATE_BRANDENBURG
zz_eco_starters.txt,STATE_POSEN,PRU,building_iron_mine,1,expanded,STATE_BRANDENBURG
zz_eco_starters.txt,STATE_POSEN,PRU,building_logging_camp,1,expanded,STATE_BRANDENBURG
zz_eco_starters.txt,STATE_RHINELAND,PRU,building_logging_camp,1,expanded,STATE_BRANDENBURG
zz_eco_starters.txt,STATE_RUHR,PRU,building_logging_camp,1,expanded,STATE_BRANDENBURG
zz_eco_starters.txt,STATE_UPPER_SILESIA,PRU,building_logging_camp,1,expanded,STATE_BRANDENBURG
zz_eco_starters.txt,STATE_WESTPHALIA,PRU,building_logging_camp,1,expanded,STATE_BRANDENBURG
zz_eco_starters.txt,STATE_WEST_PRUSSIA,PRU,building_logging_camp,1,expanded,STATE_BRANDENBURG
zz_eco_starters.txt,STATE_AKMOLINSK,RUS,building_iron_mine,1,expanded,STATE_INGRIA
zz_eco_starters.txt,STATE_AKMOLINSK,RUS,building_logging_camp,1,expanded,STATE_INGRIA
zz_eco_starters.txt,STATE_ARKHANGELSK,RUS,building_logging_camp,1,expanded,STATE_INGRIA
zz_eco_starters.txt,STATE_ARMENIA,RUS,building_iron_mine,1,expanded,STATE_INGRIA
zz_eco_starters.txt,STATE_ARMENIA,RUS,building_logging_camp,1,expanded,STATE_INGRIA
zz_eco_starters.txt,STATE_ASTRAKHAN,RUS,building_iron_mine,1,expanded,STATE_INGRIA
zz_eco_starters.txt,STATE_ASTRAKHAN,RUS,building_logging_camp,1,expanded,STATE_INGRIA
zz_eco_starters.txt,STATE_AZERBAIJAN,RUS,building_logging_camp,1,expanded,STATE_INGRIA
zz_eco_starters.txt,STATE_BESSARABIA,RUS,building_logging_camp,1,expanded,STATE_INGRIA
zz_eco_starters.txt,STATE_BURYATIA,RUS,building_iron_mine,1,expanded,STATE_INGRIA
zz_eco_starters.txt,STATE_BURYATIA,RUS,building_logging_camp,1,expanded,STATE_INGRIA
zz_eco_starters.txt,STATE_CHELYABINSK,RUS,building_logging_camp,1,expanded,STATE_INGRIA
zz_eco_starters.txt,STATE_CHERNIHIV,RUS,building_logging_camp,1,expanded,STATE_INGRIA
zz_eco_starters.txt,STATE_CHERSON,RUS,building_iron_mine,1,expanded,STATE_INGRIA
zz_eco_starters.txt,STATE_CHERSON,RUS,building_logging_camp,1,expanded,STATE_INGRIA
zz_eco_starters.txt,STATE_CHUKOTKA,RUS,building_logging_camp,1,expanded,STATE_INGRIA
zz_eco_starters.txt,STATE_CHUVASHIA,RUS,building_logging_camp,1,expanded,STATE_INGRIA
zz_eco_starters.txt,STATE_CRIMEA,RUS,building_iron_mine,1,expanded,STATE_INGRIA
zz_eco_starters.txt,STATE_CRIMEA,RUS,building_logging_camp,1,expanded,STATE_INGRIA
zz_eco_starters.txt,STATE_DAGESTAN,RUS,building_logging_camp,1,expanded,STATE_INGRIA
zz_eco_starters.txt,STATE_DOBRUDJA,RUS,building_logging_camp,1,expanded,STATE_INGRIA
zz_eco_starters.txt,STATE_ELIZAVETPOL,RUS,building_iron_mine,1,expanded,STATE_INGRIA
zz_eco_starters.txt,STATE_ELIZAVETPOL,RUS,building_logging_camp,1,expanded,STATE_INGRIA
zz_eco_starters.txt,STATE_GALICH,RUS,building_iron_mine,1,expanded,STATE_INGRIA
zz_eco_starters.txt,STATE_GREATER_CAUCASUS,RUS,building_iron_mine,1,expanded,STATE_INGRIA
zz_eco_starters.txt,STATE_GREATER_CAUCASUS,RUS,building_logging_camp,1,expanded,STATE_INGRIA
zz_eco_starters.txt,STATE_GREATER_POLAND,RUS,building_iron_mine,1,expanded,STATE_INGRIA
zz_eco_starters.txt,STATE_GREATER_POLAND,RUS,building_logging_camp,1,expanded,STATE_INGRIA
zz_eco_starters.txt,STATE_INGRIA,RUS,building_logging_camp,1,expanded,STATE_INGRIA
zz_eco_starters.txt,STATE_IRKUTSK,RUS,building_iron_mine,1,expanded,STATE_INGRIA
zz_eco_starters.txt,STATE_IRKUTSK,RUS,building_logging_camp,1,expanded,STATE_INGRIA
zz_eco_starters.txt,STATE_KALMYKIA,RUS,building_logging_camp,1,expanded,STATE_INGRIA
zz_eco_starters.txt,STATE_KAMCHATKA,RUS,building_logging_camp,1,expanded,STATE_INGRIA
zz_eco_starters.txt,STATE_KARS,RUS,building_logging_camp,1,expanded,STATE_INGRIA
zz_eco_starters.txt,STATE_KAUNAS,RUS,building_logging_camp,1,expanded,STATE_INGRIA
zz_eco_starters.txt,STATE_KHARKOV,RUS,building_iron_mine,1,expanded,STATE_INGRIA
zz_eco_starters.txt,STATE_KHARKOV,RUS,building_logging_camp,1,expanded,STATE_INGRIA
zz_eco_starters.txt,STATE_KIEV,RUS,building_iron_mine,1,expanded,STATE_INGRIA
zz_eco_starters.txt,STATE_KIEV,RUS,building_logging_camp,1,expanded,STATE_INGRIA
zz_eco_starters.txt,STATE_KOLA,RUS,building_iron_mine,1,expanded,STATE_INGRIA
zz_eco_starters.txt,STATE_KOLA,RUS,building_logging_camp,1,expanded,STATE_INGRIA
zz_eco_starters.txt,STATE_KOLYMA,RUS,building_logging_camp,1,expanded,STATE_INGRIA
zz_eco_starters.txt,STATE_KRASNOYARSK,RUS,building_iron_mine,1,expanded,STATE_INGRIA
zz_eco_starters.txt,STATE_KRASNOYARSK,RUS,building_logging_camp,1,expanded,STATE_INGRIA
zz_eco_starters.txt,STATE_KUBAN,RUS,building_iron_mine,1,expanded,STATE_INGRIA
zz_eco_starters.txt,STATE_KUBAN,RUS,building_logging_camp,1,expanded,STATE_INGRIA
zz_eco_starters.txt,STATE_KURSK,RUS,building_iron_mine,1,expanded,STATE_INGRIA
zz_eco_starters.txt,STATE_LESSER_POLAND,RUS,building_iron_mine,1,expanded,STATE_INGRIA
zz_eco_starters.txt,STATE_LESSER_POLAND,RUS,building_logging_camp,1,expanded,STATE_INGRIA
zz_eco_starters.txt,STATE_MINSK,RUS,building_iron_mine,1,expanded,STATE_INGRIA
zz_eco_starters.txt,STATE_NENETSIA,RUS,building_logging_camp,1,expanded,STATE_INGRIA
zz_eco_starters.txt,STATE_NIZHNY_NOVGOROD,RUS,building_iron_mine,1,expanded,STATE_INGRIA
zz_eco_starters.txt,STATE_NORTH_CAUCASUS,RUS,building_iron_mine,1,expanded,STATE_INGRIA
zz_eco_starters.txt,STATE_NORTH_CAUCASUS,RUS,building_logging_camp,1,expanded,STATE_INGRIA
zz_eco_starters.txt,STATE_OB,RUS,building_logging_camp,1,expanded,STATE_INGRIA
zz_eco_starters.txt,STATE_OKHOTSK,RUS,building_logging_camp,1,expanded,STATE_INGRIA
zz_eco_starters.txt,STATE_ORYOL,RUS,building_iron_mine,1,expanded,STATE_INGRIA
zz_eco_starters.txt,STATE_RIGA,RUS,building_logging_camp,1,expanded,STATE_INGRIA
zz_eco_starters.txt,STATE_SAMARA,RUS,building_logging_camp,1,expanded,STATE_INGRIA
zz_eco_starters.txt,STATE_STAVROPOL,RUS,building_logging_camp,1,expanded,STATE_INGRIA
zz_eco_starters.txt,STATE_SURGUT,RUS,building_logging_camp,1,expanded,STATE_INGRIA
zz_eco_starters.txt,STATE_TARTARIA,RUS,building_logging_camp,1,expanded,STATE_INGRIA
zz_eco_starters.txt,STATE_TAURIDA,RUS,building_iron_mine,1,expanded,STATE_INGRIA
zz_eco_starters.txt,STATE_TAURIDA,RUS,building_logging_camp,1,expanded,STATE_INGRIA
zz_eco_starters.txt,STATE_TOBOLSK,RUS,building_iron_mine,1,expanded,STATE_INGRIA
zz_eco_starters.txt,STATE_TOBOLSK,RUS,building_logging_camp,1,expanded,STATE_INGRIA
zz_eco_starters.txt,STATE_TOMSK,RUS,building_iron_mine,1,expanded,STATE_INGRIA
zz_eco_starters.txt,STATE_TOMSK,RUS,building_logging_camp,1,expanded,STATE_INGRIA
zz_eco_starters.txt,STATE_TRANS_BAIKAL,RUS,building_logging_camp,1,expanded,STATE_INGRIA
zz_eco_starters.txt,STATE_UFA,RUS,building_logging_camp,1,expanded,STATE_INGRIA
zz_eco_starters.txt,STATE_UPPER_YENISEYSK,RUS,building_iron_mine,1,expanded,STATE_INGRIA
zz_eco_starters.txt,STATE_UPPER_YENISEYSK,RUS,building_logging_camp,1,expanded,STATE_INGRIA
zz_eco_starters.txt,STATE_URALSK,RUS,building_logging_camp,1,expanded,STATE_INGRIA
zz_eco_starters.txt,STATE_VILNIUS,RUS,building_logging_camp,1,expanded,STATE_INGRIA
zz_eco_starters.txt,STATE_YAKUTSK,RUS,building_logging_camp,1,expanded,STATE_INGRIA
zz_eco_starters.txt,STATE_YAROSLAVL,RUS,building_iron_mine,1,expanded,STATE_INGRIA
zz_eco_starters.txt,STATE_CAPE_COLONY,SAF,building_logging_camp,1,expanded,STATE_CAPE_COLONY
zz_eco_starters.txt,STATE_EASTERN_CAPE,SAF,building_logging_camp,1,expanded,STATE_CAPE_COLONY
zz_eco_starters.txt,STATE_NORTHERN_CAPE,SAF,building_iron_mine,1,expanded,STATE_CAPE_COLONY
zz_eco_starters.txt,STATE_PIEDMONT,SAR,building_iron_mine,1,expanded,STATE_PIEDMONT
zz_eco_starters.txt,STATE_PIEDMONT,SAR,building_logging_camp,1,expanded,STATE_PIEDMONT
zz_eco_starters.txt,STATE_PROVENCE,SAR,building_logging_camp,1,expanded,STATE_PIEDMONT
zz_eco_starters.txt,STATE_SAVOY,SAR,building_iron_mine,1,expanded,STATE_PIEDMONT
zz_eco_starters.txt,STATE_BANGKOK,SIA,building_logging_camp,1,expanded,STATE_BANGKOK
zz_eco_starters.txt,STATE_CAMBODIA,SIA,building_iron_mine,1,expanded,STATE_BANGKOK
zz_eco_starters.txt,STATE_CAMBODIA,SIA,building_logging_camp,1,expanded,STATE_BANGKOK
zz_eco_starters.txt,STATE_LAOS,SIA,building_iron_mine,1,expanded,STATE_BANGKOK
zz_eco_starters.txt,STATE_LAOS,SIA,building_logging_camp,1,expanded,STATE_BANGKOK
zz_eco_starters.txt,STATE_MALAYA,SIA,building_logging_camp,1,expanded,STATE_BANGKOK
zz_eco_starters.txt,STATE_NAKHON_RATCHASIMA,SIA,building_logging_camp,1,expanded,STATE_BANGKOK
zz_eco_starters.txt,STATE_APULIA,SIC,building_logging_camp,1,expanded,STATE_CAMPANIA
zz_eco_starters.txt,STATE_CALABRIA,SIC,building_logging_camp,1,expanded,STATE_CAMPANIA
zz_eco_starters.txt,STATE_SICILY,SIC,building_logging_camp,1,expanded,STATE_CAMPANIA
zz_eco_starters.txt,STATE_EAST_HAUSALAND,SOK,building_logging_camp,1,expanded,STATE_HAUSALAND
zz_eco_starters.txt,STATE_HAUSALAND,SOK,building_logging_camp,1,expanded,STATE_HAUSALAND
zz_eco_starters.txt,STATE_NIGERIA,SOK,building_iron_mine,1,expanded,STATE_HAUSALAND
zz_eco_starters.txt,STATE_NIGERIA,SOK,building_logging_camp,1,expanded,STATE_HAUSALAND
zz_eco_starters.txt,STATE_NORTH_CAMEROON,SOK,building_logging_camp,1,expanded,STATE_HAUSALAND
zz_eco_starters.txt,STATE_AL_RIF,SPA,building_logging_camp,1,expanded,STATE_NEW_CASTILE
zz_eco_starters.txt,STATE_ARAGON,SPA,building_iron_mine,1,expanded,STATE_NEW_CASTILE
zz_eco_starters.txt,STATE_ASTURIAS,SPA,building_iron_mine,1,expanded,STATE_NEW_CASTILE
zz_eco_starters.txt,STATE_BALEARIC_ISLANDS,SPA,building_logging_camp,1,expanded,STATE_NEW_CASTILE
zz_eco_starters.txt,STATE_CANARY_ISLANDS,SPA,building_logging_camp,1,expanded,STATE_NEW_CASTILE
zz_eco_starters.txt,STATE_CATALONIA,SPA,building_iron_mine,1,expanded,STATE_NEW_CASTILE
zz_eco_starters.txt,STATE_EXTREMADURA,SPA,building_iron_mine,1,expanded,STATE_NEW_CASTILE
zz_eco_starters.txt,STATE_EXTREMADURA,SPA,building_logging_camp,1,expanded,STATE_NEW_CASTILE
zz_eco_starters.txt,STATE_GALICIA,SPA,building_iron_mine,1,expanded,STATE_NEW_CASTILE
zz_eco_starters.txt,STATE_LEON,SPA,building_iron_mine,1,expanded,STATE_NEW_CASTILE
zz_eco_starters.txt,STATE_MURCIA,SPA,building_logging_camp,1,expanded,STATE_NEW_CASTILE
zz_eco_starters.txt,STATE_NEW_CASTILE,SPA,building_logging_camp,1,expanded,STATE_NEW_CASTILE
zz_eco_starters.txt,STATE_GOTLAND,SWE,building_logging_camp,1,expanded,STATE_SVEALAND
zz_eco_starters.txt,STATE_NORRLAND,SWE,building_iron_mine,1,expanded,STATE_SVEALAND
zz_eco_starters.txt,STATE_SCANIA,SWE,building_logging_camp,1,expanded,STATE_SVEALAND
zz_eco_starters.txt,STATE_ADANA,TUR,building_logging_camp,1,expanded,STATE_EASTERN_THRACE
zz_eco_starters.txt,STATE_ALBANIA,TUR,building_iron_mine,1,expanded,STATE_EASTERN_THRACE
zz_eco_starters.txt,STATE_ANKARA,TUR,building_logging_camp,1,expanded,STATE_EASTERN_THRACE
zz_eco_starters.txt,STATE_AYDIN,TUR,building_logging_camp,1,expanded,STATE_EASTERN_THRACE
zz_eco_starters.txt,STATE_CYPRUS,TUR,building_iron_mine,1,expanded,STATE_EASTERN_THRACE
zz_eco_starters.txt,STATE_CYPRUS,TUR,building_logging_camp,1,expanded,STATE_EASTERN_THRACE
zz_eco_starters.txt,STATE_EASTERN_SERBIA,TUR,building_logging_camp,1,expanded,STATE_EASTERN_THRACE
zz_eco_starters.txt,STATE_EASTERN_THRACE,TUR,building_iron_mine,1,expanded,STATE_EASTERN_THRACE
zz_eco_starters.txt,STATE_EASTERN_THRACE,TUR,building_logging_camp,1,expanded,STATE_EASTERN_THRACE
zz_eco_starters.txt,STATE_ERZURUM,TUR,building_iron_mine,1,expanded,STATE_EASTERN_THRACE
zz_eco_starters.txt,STATE_KARS,TUR,building_logging_camp,1,expanded,STATE_EASTERN_THRACE
zz_eco_starters.txt,STATE_KASTAMONU,TUR,building_logging_camp,1,expanded,STATE_EASTERN_THRACE
zz_eco_starters.txt,STATE_KONYA,TUR,building_logging_camp,1,expanded,STATE_EASTERN_THRACE
zz_eco_starters.txt,STATE_KOSOVO,TUR,building_logging_camp,1,expanded,STATE_EASTERN_THRACE
zz_eco_starters.txt,STATE_MACEDONIA,TUR,building_logging_camp,1,expanded,STATE_EASTERN_THRACE
zz_eco_starters.txt,STATE_MONTENEGRO,TUR,building_logging_camp,1,expanded,STATE_EASTERN_THRACE
zz_eco_starters.txt,STATE_NORTHERN_THRACE,TUR,building_iron_mine,1,expanded,STATE_EASTERN_THRACE
zz_eco_starters.txt,STATE_SKOPIA,TUR,building_logging_camp,1,expanded,STATE_EASTERN_THRACE
zz_eco_starters.txt,STATE_THESSALIA,TUR,building_logging_camp,1,expanded,STATE_EASTERN_THRACE
zz_eco_starters.txt,STATE_TRABZON,TUR,building_iron_mine,1,expanded,STATE_EASTERN_THRACE
zz_eco_starters.txt,STATE_WESTERN_SERBIA,TUR,building_iron_mine,1,expanded,STATE_EASTERN_THRACE
zz_eco_starters.txt,STATE_WESTERN_SERBIA,TUR,building_logging_camp,1,expanded,STATE_EASTERN_THRACE
zz_eco_starters.txt,STATE_WESTERN_THRACE,TUR,building_iron_mine,1,expanded,STATE_EASTERN_THRACE
zz_eco_starters.txt,STATE_WESTERN_THRACE,TUR,building_logging_camp,1,expanded,STATE_EASTERN_THRACE
zz_eco_starters.txt,STATE_ALABAMA,USA,building_iron_mine,1,expanded,STATE_DISTRICT_OF_COLUMBIA
zz_eco_starters.txt,STATE_ALABAMA,USA,building_logging_camp,1,expanded,STATE_DISTRICT_OF_COLUMBIA
zz_eco_starters.txt,STATE_ARKANSAS,USA,building_logging_camp,1,expanded,STATE_DISTRICT_OF_COLUMBIA
zz_eco_starters.txt,STATE_COLORADO,USA,building_logging_camp,1,expanded,STATE_DISTRICT_OF_COLUMBIA
zz_eco_starters.txt,STATE_CONNECTICUT,USA,building_logging_camp,1,expanded,STATE_DISTRICT_OF_COLUMBIA
zz_eco_starters.txt,STATE_DELAWARE,USA,building_logging_camp,1,expanded,STATE_DISTRICT_OF_COLUMBIA
zz_eco_starters.txt,STATE_FLORIDA,USA,building_logging_camp,1,expanded,STATE_DISTRICT_OF_COLUMBIA
zz_eco_starters.txt,STATE_GEORGIA,USA,building_logging_camp,1,expanded,STATE_DISTRICT_OF_COLUMBIA
zz_eco_starters.txt,STATE_ILLINOIS,USA,building_logging_camp,1,expanded,STATE_DISTRICT_OF_COLUMBIA
zz_eco_starters.txt,STATE_IOWA,USA,building_logging_camp,1,expanded,STATE_DISTRICT_OF_COLUMBIA
zz_eco_starters.txt,STATE_KANSAS,USA,building_logging_camp,1,expanded,STATE_DISTRICT_OF_COLUMBIA
zz_eco_starters.txt,STATE_KENTUCKY,USA,building_iron_mine,1,expanded,STATE_DISTRICT_OF_COLUMBIA
zz_eco_starters.txt,STATE_KENTUCKY,USA,building_logging_camp,1,expanded,STATE_DISTRICT_OF_COLUMBIA
zz_eco_starters.txt,STATE_LOUISIANA,USA,building_logging_camp,1,expanded,STATE_DISTRICT_OF_COLUMBIA
zz_eco_starters.txt,STATE_MARYLAND,USA,building_logging_camp,1,expanded,STATE_DISTRICT_OF_COLUMBIA
zz_eco_starters.txt,STATE_MASSACHUSETTS,USA,building_iron_mine,1,expanded,STATE_DISTRICT_OF_COLUMBIA
zz_eco_starters.txt,STATE_MICHIGAN,USA,building_iron_mine,1,expanded,STATE_DISTRICT_OF_COLUMBIA
zz_eco_starters.txt,STATE_MINNESOTA,USA,building_iron_mine,1,expanded,STATE_DISTRICT_OF_COLUMBIA
zz_eco_starters.txt,STATE_MINNESOTA,USA,building_logging_camp,1,expanded,STATE_DISTRICT_OF_COLUMBIA
zz_eco_starters.txt,STATE_MISSISSIPPI,USA,building_logging_camp,1,expanded,STATE_DISTRICT_OF_COLUMBIA
zz_eco_starters.txt,STATE_MISSOURI,USA,building_logging_camp,1,expanded,STATE_DISTRICT_OF_COLUMBIA
zz_eco_starters.txt,STATE_MONTANA,USA,building_iron_mine,1,expanded,STATE_DISTRICT_OF_COLUMBIA
zz_eco_starters.txt,STATE_MONTANA,USA,building_logging_camp,1,expanded,STATE_DISTRICT_OF_COLUMBIA
zz_eco_starters.txt,STATE_NEBRASKA,USA,building_logging_camp,1,expanded,STATE_DISTRICT_OF_COLUMBIA
zz_eco_starters.txt,STATE_NEW_JERSEY,USA,building_iron_mine,1,expanded,STATE_DISTRICT_OF_COLUMBIA
zz_eco_starters.txt,STATE_NORTH_DAKOTA,USA,building_logging_camp,1,expanded,STATE_DISTRICT_OF_COLUMBIA
zz_eco_starters.txt,STATE_OHIO,USA,building_logging_camp,1,expanded,STATE_DISTRICT_OF_COLUMBIA
zz_eco_starters.txt,STATE_RHODE_ISLAND,USA,building_logging_camp,1,expanded,STATE_DISTRICT_OF_COLUMBIA
zz_eco_starters.txt,STATE_SOUTH_CAROLINA,USA,building_logging_camp,1,expanded,STATE_DISTRICT_OF_COLUMBIA
zz_eco_starters.txt,STATE_SOUTH_DAKOTA,USA,building_logging_camp,1,expanded,STATE_DISTRICT_OF_COLUMBIA
zz_eco_starters.txt,STATE_TENNESSEE,USA,building_iron_mine,1,expanded,STATE_DISTRICT_OF_COLUMBIA
zz_eco_starters.txt,STATE_TENNESSEE,USA,building_logging_camp,1,expanded,STATE_DISTRICT_OF_COLUMBIA
zz_eco_starters.txt,STATE_VERMONT,USA,building_iron_mine,1,expanded,STATE_DISTRICT_OF_COLUMBIA
zz_eco_starters.txt,STATE_VIRGINIA,USA,building_logging_camp,1,expanded,STATE_DISTRICT_OF_COLUMBIA
zz_eco_starters.txt,STATE_WEST_VIRGINIA,USA,building_iron_mine,1,expanded,STATE_DISTRICT_OF_COLUMBIA
zz_eco_starters.txt,STATE_WISCONSIN,USA,building_iron_mine,1,expanded,STATE_DISTRICT_OF_COLUMBIA
zz_eco_starters.txt,STATE_WISCONSIN,USA,building_logging_camp,1,expanded,STATE_DISTRICT_OF_COLUMBIA
zz_eco_starters.txt,STATE_WYOMING,USA,building_logging_camp,1,expanded,STATE_DISTRICT_OF_COLUMBIA
zz_eco_flavour.txt,STATE_SUZHOU,CHI,building_tooling_workshop,10,one_line,STATE_BEIJING
zz_eco_flavour.txt,STATE_FORMOSA,CHI,building_tooling_workshop,10,one_line,STATE_BEIJING
zz_eco_flavour.txt,STATE_SHANXI,CHI,building_coal_mine,1,one_line,STATE_BEIJING
zz_eco_flavour.txt,STATE_SHENGJING,CHI,building_lead_mine,1,one_line,STATE_BEIJING
zz_eco_flavour.txt,STATE_DZUNGARIA,CHI,building_sulfur_mine,1,one_line,STATE_BEIJING
zz_eco_flavour.txt,STATE_AMUR,CHI,building_logging_camp,1,one_line,STATE_BEIJING
zz_eco_flavour.txt,STATE_OUTER_MANCHURIA,CHI,building_logging_camp,1,one_line,STATE_BEIJING
zz_eco_flavour.txt,STATE_ZHEJIANG,CHI,building_logging_camp,1,one_line,STATE_BEIJING
zz_eco_flavour.txt,STATE_ALTAI,CHI,building_logging_camp,1,one_line,STATE_BEIJING
zz_eco_flavour.txt,STATE_FUJIAN,CHI,building_logging_camp,1,one_line,STATE_BEIJING
zz_eco_flavour.txt,STATE_LESSER_POLAND,RUS,building_coal_mine,1,one_line,STATE_INGRIA
zz_eco_flavour.txt,STATE_URAL,RUS,building_lead_mine,1,one_line,STATE_INGRIA
zz_eco_flavour.txt,STATE_TRANS_BAIKAL,RUS,building_sulfur_mine,1,one_line,STATE_INGRIA
zz_eco_flavour.txt,STATE_KUBAN,RUS,building_logging_camp,1,one_line,STATE_INGRIA
zz_eco_flavour.txt,STATE_KRASNOYARSK,RUS,building_logging_camp,1,one_line,STATE_INGRIA
zz_eco_flavour.txt,STATE_UPPER_YENISEYSK,RUS,building_logging_camp,1,one_line,STATE_INGRIA
zz_eco_flavour.txt,STATE_KIEV,RUS,building_logging_camp,1,one_line,STATE_INGRIA
zz_eco_flavour.txt,STATE_SURGUT,RUS,building_logging_camp,1,one_line,STATE_INGRIA
zz_eco_flavour.txt,STATE_BIHAR,BIC,building_logging_camp,1,one_line,STATE_WEST_BENGAL
zz_eco_flavour.txt,STATE_BIHAR,BIC,building_coal_mine,1,one_line,STATE_WEST_BENGAL
zz_eco_flavour.txt,STATE_RAJPUTANA,BIC,building_sulfur_mine,1,one_line,STATE_WEST_BENGAL
zz_eco_flavour.txt,STATE_RAJPUTANA,BIC,building_lead_mine,1,one_line,STATE_WEST_BENGAL
zz_eco_flavour.txt,STATE_ARAKAN,BIC,building_logging_camp,1,one_line,STATE_WEST_BENGAL
zz_eco_flavour.txt,STATE_PEGU,BIC,building_logging_camp,1,one_line,STATE_WEST_BENGAL
zz_eco_flavour.txt,STATE_TENASSERIM,BIC,building_logging_camp,1,one_line,STATE_WEST_BENGAL
zz_eco_flavour.txt,STATE_MYSORE,BIC,building_logging_camp,1,one_line,STATE_WEST_BENGAL
zz_eco_flavour.txt,STATE_ARKANSAS,USA,building_lead_mine,1,one_line,STATE_DISTRICT_OF_COLUMBIA
zz_eco_flavour.txt,STATE_FLORIDA,USA,building_logging_camp,1,one_line,STATE_DISTRICT_OF_COLUMBIA
zz_eco_flavour.txt,STATE_FLORIDA,USA,building_fishing_wharf,1,one_line,STATE_DISTRICT_OF_COLUMBIA
zz_eco_flavour.txt,STATE_FLORIDA,USA,building_sulfur_mine,1,one_line,STATE_DISTRICT_OF_COLUMBIA
zz_eco_flavour.txt,STATE_ILLINOIS,USA,building_logging_camp,1,one_line,STATE_DISTRICT_OF_COLUMBIA
zz_eco_flavour.txt,STATE_MINNESOTA,USA,building_logging_camp,1,one_line,STATE_DISTRICT_OF_COLUMBIA
zz_eco_flavour.txt,STATE_WISCONSIN,USA,building_logging_camp,1,one_line,STATE_DISTRICT_OF_COLUMBIA
zz_eco_flavour.txt,STATE_OHIO,USA,building_logging_camp,1,one_line,STATE_DISTRICT_OF_COLUMBIA
zz_eco_flavour.txt,STATE_AQUITAINE,FRA,building_coal_mine,1,one_line,STATE_ILE_DE_FRANCE
zz_eco_flavour.txt,STATE_RHONE,FRA,building_lead_mine,1,one_line,STATE_ILE_DE_FRANCE
zz_eco_flavour.txt,STATE_SENEGAL,FRA,building_sulfur_mine,1,one_line,STATE_ILE_DE_FRANCE
zz_eco_flavour.txt,STATE_MADRAS,FRA,building_logging_camp,1,one_line,STATE_ILE_DE_FRANCE
zz_eco_flavour.txt,STATE_MADRAS,FRA,building_fishing_wharf,1,one_line,STATE_ILE_DE_FRANCE
zz_eco_flavour.txt,STATE_IVORY_COAST,FRA,building_logging_camp,1,one_line,STATE_ILE_DE_FRANCE
zz_eco_flavour.txt,STATE_GUAYANA,FRA,building_logging_camp,1,one_line,STATE_ILE_DE_FRANCE
zz_eco_flavour.txt,STATE_FRANCHE_COMTE,FRA,building_logging_camp,1,one_line,STATE_ILE_DE_FRANCE
zz_eco_flavour.txt,STATE_GUYENNE,FRA,building_logging_camp,1,one_line,STATE_ILE_DE_FRANCE
zz_eco_flavour.txt,STATE_UPPER_ANDALUSIA,GBR,building_lead_mine,1,one_line,STATE_HOME_COUNTIES
zz_eco_flavour.txt,STATE_CONNAUGHT,GBR,building_sulfur_mine,1,one_line,STATE_HOME_COUNTIES
zz_eco_flavour.txt,STATE_CEYLON,GBR,building_logging_camp,1,one_line,STATE_HOME_COUNTIES
zz_eco_flavour.txt,STATE_CEYLON,GBR,building_fishing_wharf,1,one_line,STATE_HOME_COUNTIES
zz_eco_flavour.txt,STATE_GUATEMALA,GBR,building_logging_camp,1,one_line,STATE_HOME_COUNTIES
zz_eco_flavour.txt,STATE_MALAYA,GBR,building_logging_camp,1,one_line,STATE_HOME_COUNTIES
zz_eco_flavour.txt,STATE_NEWFOUNDLAND,GBR,building_logging_camp,1,one_line,STATE_HOME_COUNTIES
zz_eco_flavour.txt,STATE_GUAYANA,GBR,building_logging_camp,1,one_line,STATE_HOME_COUNTIES
zz_eco_flavour.txt,STATE_KASTAMONU,TUR,building_logging_camp,1,one_line,STATE_EASTERN_THRACE
zz_eco_flavour.txt,STATE_KASTAMONU,TUR,building_coal_mine,1,one_line,STATE_EASTERN_THRACE
zz_eco_flavour.txt,STATE_BOSNIA,TUR,building_lead_mine,1,one_line,STATE_EASTERN_THRACE
zz_eco_flavour.txt,STATE_MOSUL,TUR,building_sulfur_mine,1,one_line,STATE_EASTERN_THRACE
zz_eco_flavour.txt,STATE_SKOPIA,TUR,building_logging_camp,1,one_line,STATE_EASTERN_THRACE
zz_eco_flavour.txt,STATE_MONTENEGRO,TUR,building_logging_camp,1,one_line,STATE_EASTERN_THRACE
zz_eco_flavour.txt,STATE_WESTERN_SERBIA,TUR,building_logging_camp,1,one_line,STATE_EASTERN_THRACE
zz_eco_flavour.txt,STATE_THESSALIA,TUR,building_logging_camp,1,one_line,STATE_EASTERN_THRACE
zz_eco_flavour.txt,STATE_HOKKAIDO,JAP,building_logging_camp,1,one_line,STATE_KYOTO
zz_eco_flavour.txt,STATE_HOKKAIDO,JAP,building_coal_mine,1,one_line,STATE_KYOTO
zz_eco_flavour.txt,STATE_TOKAI,JAP,building_lead_mine,1,one_line,STATE_KYOTO
zz_eco_flavour.txt,STATE_TOHOKU,JAP,building_sulfur_mine,1,one_line,STATE_KYOTO
zz_eco_flavour.txt,STATE_CHUGOKU,JAP,building_logging_camp,1,one_line,STATE_KYOTO
zz_eco_flavour.txt,STATE_KYUSHU,JAP,building_logging_camp,1,one_line,STATE_KYOTO
zz_eco_flavour.txt,STATE_BRUNSWICK,PRU,building_lead_mine,1,one_line,STATE_BRANDENBURG
zz_eco_flavour.txt,STATE_WEST_PRUSSIA,PRU,building_logging_camp,1,one_line,STATE_BRANDENBURG
zz_eco_flavour.txt,STATE_WEST_PRUSSIA,PRU,building_sulfur_mine,1,one_line,STATE_BRANDENBURG
zz_eco_flavour.txt,STATE_EAST_PRUSSIA,PRU,building_fishing_wharf,1,one_line,STATE_BRANDENBURG
zz_eco_flavour.txt,STATE_WESTPHALIA,PRU,building_logging_camp,1,one_line,STATE_BRANDENBURG
zz_eco_flavour.txt,STATE_RHINELAND,PRU,building_logging_camp,1,one_line,STATE_BRANDENBURG
zz_eco_flavour.txt,STATE_LOWER_SILESIA,PRU,building_logging_camp,1,one_line,STATE_BRANDENBURG
zz_eco_flavour.txt,STATE_POSEN,PRU,building_logging_camp,1,one_line,STATE_BRANDENBURG
zz_eco_flavour.txt,STATE_ARAGON,SPA,building_coal_mine,1,one_line,STATE_NEW_CASTILE
zz_eco_flavour.txt,STATE_CATALONIA,SPA,building_lead_mine,1,one_line,STATE_NEW_CASTILE
zz_eco_flavour.txt,STATE_LOWER_ANDALUSIA,SPA,building_sulfur_mine,1,one_line,STATE_NEW_CASTILE
zz_eco_flavour.txt,STATE_AL_RIF,SPA,building_logging_camp,1,one_line,STATE_NEW_CASTILE
zz_eco_flavour.txt,STATE_EXTREMADURA,SPA,building_logging_camp,1,one_line,STATE_NEW_CASTILE
zz_eco_flavour.txt,STATE_NEW_CASTILE,SPA,building_logging_camp,1,one_line,STATE_NEW_CASTILE
zz_eco_flavour.txt,STATE_UPPER_ANDALUSIA,SPA,building_logging_camp,1,one_line,STATE_NEW_CASTILE
zz_eco_flavour.txt,STATE_MURCIA,SPA,building_logging_camp,1,one_line,STATE_NEW_CASTILE
zz_eco_flavour.txt,STATE_WEST_GALICIA,AUS,building_logging_camp,1,one_line,STATE_AUSTRIA
zz_eco_flavour.txt,STATE_WEST_GALICIA,AUS,building_coal_mine,1,one_line,STATE_AUSTRIA
zz_eco_flavour.txt,STATE_LOMBARDY,AUS,building_lead_mine,1,one_line,STATE_AUSTRIA
zz_eco_flavour.txt,STATE_VENETIA,AUS,building_sulfur_mine,1,one_line,STATE_AUSTRIA
zz_eco_flavour.txt,STATE_MONTENEGRO,AUS,building_logging_camp,1,one_line,STATE_AUSTRIA
zz_eco_flavour.txt,STATE_MONTENEGRO,AUS,building_fishing_wharf,1,one_line,STATE_AUSTRIA
zz_eco_flavour.txt,STATE_EAST_GALICIA,AUS,building_logging_camp,1,one_line,STATE_AUSTRIA
zz_eco_flavour.txt,STATE_TYROL,AUS,building_logging_camp,1,one_line,STATE_AUSTRIA
zz_eco_flavour.txt,STATE_STYRIA,AUS,building_logging_camp,1,one_line,STATE_AUSTRIA
zz_eco_flavour.txt,STATE_COLORADO,MEX,building_logging_camp,1,one_line,STATE_MEXICO
zz_eco_flavour.txt,STATE_COLORADO,MEX,building_coal_mine,1,one_line,STATE_MEXICO
zz_eco_flavour.txt,STATE_CHIHUAHUA,MEX,building_lead_mine,1,one_line,STATE_MEXICO
zz_eco_flavour.txt,STATE_MEXICO,MEX,building_logging_camp,1,one_line,STATE_MEXICO
zz_eco_flavour.txt,STATE_CALIFORNIA,MEX,building_logging_camp,1,one_line,STATE_MEXICO
zz_eco_flavour.txt,STATE_YUCATAN,MEX,building_logging_camp,1,one_line,STATE_MEXICO
zz_eco_flavour.txt,STATE_CHIAPAS,MEX,building_logging_camp,1,one_line,STATE_MEXICO
zz_eco_flavour.txt,STATE_PYONGYANG,KOR,building_logging_camp,1,one_line,STATE_SEOUL
zz_eco_flavour.txt,STATE_PYONGYANG,KOR,building_coal_mine,1,one_line,STATE_SEOUL
zz_eco_flavour.txt,STATE_SEOUL,KOR,building_logging_camp,1,one_line,STATE_SEOUL
zz_eco_flavour.txt,STATE_SEOUL,KOR,building_lead_mine,1,one_line,STATE_SEOUL
zz_eco_flavour.txt,STATE_YANGHO,KOR,building_logging_camp,1,one_line,STATE_SEOUL
zz_eco_flavour.txt,STATE_YANGHO,KOR,building_sulfur_mine,1,one_line,STATE_SEOUL
zz_eco_flavour.txt,STATE_SARIWON,KOR,building_logging_camp,1,one_line,STATE_SEOUL
zz_eco_flavour.txt,STATE_BUSAN,KOR,building_logging_camp,1,one_line,STATE_SEOUL
zz_eco_flavour.txt,STATE_PARANA,BRZ,building_coal_mine,1,one_line,STATE_RIO_DE_JANEIRO
zz_eco_flavour.txt,STATE_MINAS_GERAIS,BRZ,building_lead_mine,1,one_line,STATE_RIO_DE_JANEIRO
zz_eco_flavour.txt,STATE_RIO_DE_JANEIRO,BRZ,building_logging_camp,1,one_line,STATE_RIO_DE_JANEIRO
zz_eco_flavour.txt,STATE_PERNAMBUCO,BRZ,building_logging_camp,1,one_line,STATE_RIO_DE_JANEIRO
zz_eco_flavour.txt,STATE_PARAIBA,BRZ,building_logging_camp,1,one_line,STATE_RIO_DE_JANEIRO
zz_eco_flavour.txt,STATE_IRAKAJEMI,PER,building_logging_camp,1,one_line,STATE_IRAKAJEMI
zz_eco_flavour.txt,STATE_IRAKAJEMI,PER,building_coal_mine,1,one_line,STATE_IRAKAJEMI
zz_eco_flavour.txt,STATE_ISFAHAN,PER,building_logging_camp,1,one_line,STATE_IRAKAJEMI
zz_eco_flavour.txt,STATE_ISFAHAN,PER,building_lead_mine,1,one_line,STATE_IRAKAJEMI
zz_eco_flavour.txt,STATE_FARS,PER,building_logging_camp,1,one_line,STATE_IRAKAJEMI
zz_eco_flavour.txt,STATE_FARS,PER,building_sulfur_mine,1,one_line,STATE_IRAKAJEMI
zz_eco_flavour.txt,STATE_KHORASAN,PER,building_logging_camp,1,one_line,STATE_IRAKAJEMI
zz_eco_flavour.txt,STATE_PERSIAN_KURDISTAN,PER,building_logging_camp,1,one_line,STATE_IRAKAJEMI
zz_eco_flavour.txt,STATE_ADANA,EGY,building_logging_camp,1,one_line,STATE_LOWER_EGYPT
zz_eco_flavour.txt,STATE_ADANA,EGY,building_coal_mine,1,one_line,STATE_LOWER_EGYPT
zz_eco_flavour.txt,STATE_LOWER_EGYPT,EGY,building_sulfur_mine,1,one_line,STATE_LOWER_EGYPT
zz_eco_flavour.txt,STATE_ALEPPO,EGY,building_logging_camp,1,one_line,STATE_LOWER_EGYPT
zz_eco_flavour.txt,STATE_DONGOLA,EGY,building_logging_camp,1,one_line,STATE_LOWER_EGYPT
zz_eco_flavour.txt,STATE_PALESTINE,EGY,building_logging_camp,1,one_line,STATE_LOWER_EGYPT
zz_eco_flavour.txt,STATE_KORDOFAN,EGY,building_logging_camp,1,one_line,STATE_LOWER_EGYPT
zz_eco_flavour.txt,STATE_PUNJAB,PAN,building_coal_mine,1,one_line,STATE_PUNJAB
zz_eco_flavour.txt,STATE_PASHTUNISTAN,PAN,building_logging_camp,1,one_line,STATE_PUNJAB
zz_eco_flavour.txt,STATE_PASHTUNISTAN,PAN,building_lead_mine,1,one_line,STATE_PUNJAB
zz_eco_flavour.txt,STATE_HILL_PUNJAB,PAN,building_logging_camp,1,one_line,STATE_PUNJAB
zz_eco_flavour.txt,STATE_NORTH_SUMATRA,DEI,building_sulfur_mine,1,one_line,STATE_WEST_JAVA
zz_eco_flavour.txt,STATE_NORTH_SUMATRA,DEI,building_coal_mine,1,one_line,STATE_WEST_JAVA
zz_eco_flavour.txt,STATE_EAST_BORNEO,DEI,building_logging_camp,1,one_line,STATE_WEST_JAVA
zz_eco_flavour.txt,STATE_SUNDA_ISLANDS,DEI,building_logging_camp,1,one_line,STATE_WEST_JAVA
zz_eco_flavour.txt,STATE_WEST_BORNEO,DEI,building_logging_camp,1,one_line,STATE_WEST_JAVA
zz_eco_flavour.txt,STATE_ACEH,DEI,building_logging_camp,1,one_line,STATE_WEST_JAVA
zz_eco_flavour.txt,STATE_CELEBES,DEI,building_logging_camp,1,one_line,STATE_WEST_JAVA
zz_eco_flavour.txt,STATE_RUTHENIA,HUN,building_lead_mine,1,one_line,STATE_CENTRAL_HUNGARY
zz_eco_flavour.txt,STATE_RUTHENIA,HUN,building_coal_mine,1,one_line,STATE_CENTRAL_HUNGARY
zz_eco_flavour.txt,STATE_BEKES,HUN,building_logging_camp,1,one_line,STATE_CENTRAL_HUNGARY
zz_eco_flavour.txt,STATE_BANAT,HUN,building_logging_camp,1,one_line,STATE_CENTRAL_HUNGARY
zz_eco_flavour.txt,STATE_SLOVAKIA,HUN,building_logging_camp,1,one_line,STATE_CENTRAL_HUNGARY
zz_eco_flavour.txt,STATE_TRANSDANUBIA,HUN,building_logging_camp,1,one_line,STATE_CENTRAL_HUNGARY
zz_eco_flavour.txt,STATE_CENTRAL_HUNGARY,HUN,building_logging_camp,1,one_line,STATE_CENTRAL_HUNGARY
zz_eco_flavour.txt,STATE_LOURENCO_MARQUES,POR,building_coal_mine,1,one_line,STATE_ESTREMADURA
zz_eco_flavour.txt,STATE_BEIRA,POR,building_lead_mine,1,one_line,STATE_ESTREMADURA
zz_eco_flavour.txt,STATE_SENEGAL,POR,building_sulfur_mine,1,one_line,STATE_ESTREMADURA
zz_eco_flavour.txt,STATE_BOMBAY,POR,building_logging_camp,1,one_line,STATE_ESTREMADURA
zz_eco_flavour.txt,STATE_SOUTH_CAMEROON,POR,building_logging_camp,1,one_line,STATE_ESTREMADURA
zz_eco_flavour.txt,STATE_MOCAMBIQUE,POR,building_logging_camp,1,one_line,STATE_ESTREMADURA
zz_eco_flavour.txt,STATE_SUNDA_ISLANDS,POR,building_logging_camp,1,one_line,STATE_ESTREMADURA
zz_eco_flavour.txt,STATE_GUINEA,POR,building_logging_camp,1,one_line,STATE_ESTREMADURA
zz_eco_flavour.txt,STATE_CALABRIA,SIC,building_logging_camp,1,one_line,STATE_CAMPANIA
zz_eco_flavour.txt,STATE_CALABRIA,SIC,building_coal_mine,1,one_line,STATE_CAMPANIA
zz_eco_flavour.txt,STATE_SICILY,SIC,building_logging_camp,1,one_line,STATE_CAMPANIA
zz_eco_flavour.txt,STATE_APULIA,SIC,building_logging_camp,1,one_line,STATE_CAMPANIA
zz_eco_flavour.txt,STATE_GELRE,NET,building_coal_mine,1,one_line,STATE_HOLLAND
zz_eco_flavour.txt,STATE_WEST_INDIES,NET,building_fishing_wharf,1,one_line,STATE_HOLLAND
zz_eco_flavour.txt,STATE_GUAYANA,NET,building_logging_camp,1,one_line,STATE_HOLLAND
zz_eco_flavour.txt,STATE_HOLLAND,NET,building_logging_camp,1,one_line,STATE_HOLLAND
zz_eco_flavour.txt,STATE_EAST_HAUSALAND,SOK,building_logging_camp,1,one_line,STATE_HAUSALAND
zz_eco_flavour.txt,STATE_EAST_HAUSALAND,SOK,building_coal_mine,1,one_line,STATE_HAUSALAND
zz_eco_flavour.txt,STATE_NIGERIA,SOK,building_logging_camp,1,one_line,STATE_HAUSALAND
zz_eco_flavour.txt,STATE_NIGERIA,SOK,building_lead_mine,1,one_line,STATE_HAUSALAND
zz_eco_flavour.txt,STATE_NORTH_CAMEROON,SOK,building_logging_camp,1,one_line,STATE_HAUSALAND
zz_eco_flavour.txt,STATE_HAUSALAND,SOK,building_logging_camp,1,one_line,STATE_HAUSALAND
zz_eco_flavour.txt,STATE_OUTER_HAUSALAND,SOK,building_logging_camp,1,one_line,STATE_HAUSALAND
zz_eco_flavour.txt,STATE_PIEDMONT,SAR,building_logging_camp,1,one_line,STATE_PIEDMONT
zz_eco_flavour.txt,STATE_PIEDMONT,SAR,building_lead_mine,1,one_line,STATE_PIEDMONT
zz_eco_flavour.txt,STATE_PIEDMONT,SAR,building_coal_mine,1,one_line,STATE_PIEDMONT
zz_eco_flavour.txt,STATE_SARDINIA,SAR,building_sulfur_mine,1,one_line,STATE_PIEDMONT
zz_eco_flavour.txt,STATE_PROVENCE,SAR,building_logging_camp,1,one_line,STATE_PIEDMONT
zz_eco_flavour.txt,STATE_SVEALAND,SWE,building_lead_mine,1,one_line,STATE_SVEALAND
zz_eco_flavour.txt,STATE_SCANIA,SWE,building_logging_camp,1,one_line,STATE_SVEALAND
zz_eco_flavour.txt,STATE_GOTLAND,SWE,building_logging_camp,1,one_line,STATE_SVEALAND
zz_eco_flavour.txt,STATE_CENTRAL_PROVINCES,HYD,building_logging_camp,1,one_line,STATE_HYDERABAD
zz_eco_flavour.txt,STATE_CENTRAL_PROVINCES,HYD,building_coal_mine,1,one_line,STATE_HYDERABAD
zz_eco_flavour.txt,STATE_HYDERABAD,HYD,building_logging_camp,1,one_line,STATE_HYDERABAD
zz_eco_flavour.txt,STATE_ATTICA,GRE,building_sulfur_mine,1,one_line,STATE_ATTICA
zz_eco_flavour.txt,STATE_ATTICA,GRE,building_lead_mine,1,one_line,STATE_ATTICA
zz_eco_flavour.txt,STATE_PELOPONNESE,GRE,building_logging_camp,1,one_line,STATE_ATTICA
zz_eco_flavour.txt,STATE_TONKIN,DAI,building_logging_camp,1,one_line,STATE_ANNAM
zz_eco_flavour.txt,STATE_TONKIN,DAI,building_coal_mine,1,one_line,STATE_ANNAM
zz_eco_flavour.txt,STATE_ANNAM,DAI,building_logging_camp,1,one_line,STATE_ANNAM
zz_eco_flavour.txt,STATE_LAOS,DAI,building_logging_camp,1,one_line,STATE_ANNAM
zz_eco_flavour.txt,STATE_MEKONG,DAI,building_logging_camp,1,one_line,STATE_ANNAM
zz_eco_flavour.txt,STATE_HIMALAYAS,NEP,building_logging_camp,1,one_line,STATE_HIMALAYAS
zz_eco_flavour.txt,STATE_HIMALAYAS,NEP,building_lead_mine,1,one_line,STATE_HIMALAYAS
zz_eco_flavour.txt,STATE_PANAMA,CLM,building_logging_camp,1,one_line,STATE_CUNDINAMARCA
zz_eco_flavour.txt,STATE_PANAMA,CLM,building_coal_mine,1,one_line,STATE_CUNDINAMARCA
zz_eco_flavour.txt,STATE_ANTIOQUIA,CLM,building_logging_camp,1,one_line,STATE_CUNDINAMARCA
zz_eco_flavour.txt,STATE_AMAZONAS,CLM,building_logging_camp,1,one_line,STATE_CUNDINAMARCA
zz_eco_flavour.txt,STATE_CAUCA,CLM,building_logging_camp,1,one_line,STATE_CUNDINAMARCA
zz_eco_flavour.txt,STATE_JUJUY,ARG,building_logging_camp,1,one_line,STATE_BUENOS_AIRES
zz_eco_flavour.txt,STATE_JUJUY,ARG,building_lead_mine,1,one_line,STATE_BUENOS_AIRES
zz_eco_flavour.txt,STATE_LA_PAMPA,ARG,building_logging_camp,1,one_line,STATE_BUENOS_AIRES
zz_eco_flavour.txt,STATE_CORRIENTES,ARG,building_logging_camp,1,one_line,STATE_BUENOS_AIRES
zz_eco_flavour.txt,STATE_BUENOS_AIRES,ARG,building_logging_camp,1,one_line,STATE_BUENOS_AIRES
zz_eco_flavour.txt,STATE_CHACO,ARG,building_logging_camp,1,one_line,STATE_BUENOS_AIRES
zz_eco_flavour.txt,STATE_LAOS,SIA,building_logging_camp,1,one_line,STATE_BANGKOK
zz_eco_flavour.txt,STATE_LAOS,SIA,building_coal_mine,1,one_line,STATE_BANGKOK
zz_eco_flavour.txt,STATE_MALAYA,SIA,building_logging_camp,1,one_line,STATE_BANGKOK
zz_eco_flavour.txt,STATE_MALAYA,SIA,building_lead_mine,1,one_line,STATE_BANGKOK
zz_eco_flavour.txt,STATE_BANGKOK,SIA,building_logging_camp,1,one_line,STATE_BANGKOK
zz_eco_flavour.txt,STATE_NAKHON_RATCHASIMA,SIA,building_logging_camp,1,one_line,STATE_BANGKOK
zz_eco_flavour.txt,STATE_CAMBODIA,SIA,building_logging_camp,1,one_line,STATE_BANGKOK
zz_eco_flavour.txt,STATE_AL_RIF,MOR,building_coal_mine,1,one_line,STATE_FEZ
zz_eco_flavour.txt,STATE_INNER_MOROCCO,MOR,building_lead_mine,1,one_line,STATE_FEZ
zz_eco_flavour.txt,STATE_MARRAKECH,MOR,building_sulfur_mine,1,one_line,STATE_FEZ
zz_eco_flavour.txt,STATE_FEZ,MOR,building_logging_camp,1,one_line,STATE_FEZ
zz_eco_flavour.txt,STATE_SISTAN,OMA,building_logging_camp,1,one_line,STATE_OMAN
zz_eco_flavour.txt,STATE_SISTAN,OMA,building_coal_mine,1,one_line,STATE_OMAN
zz_eco_flavour.txt,STATE_LARISTAN,OMA,building_logging_camp,1,one_line,STATE_OMAN
zz_eco_flavour.txt,STATE_KENYA,OMA,building_logging_camp,1,one_line,STATE_OMAN
zz_eco_flavour.txt,STATE_EASTERN_CAPE,SAF,building_logging_camp,1,one_line,STATE_CAPE_COLONY
zz_eco_flavour.txt,STATE_EASTERN_CAPE,SAF,building_coal_mine,1,one_line,STATE_CAPE_COLONY
zz_eco_flavour.txt,STATE_CAPE_COLONY,SAF,building_logging_camp,1,one_line,STATE_CAPE_COLONY
zz_eco_flavour.txt,STATE_NORTHERN_CAPE,SAF,building_logging_camp,1,one_line,STATE_CAPE_COLONY
zz_eco_flavour.txt,STATE_VISAYAS,PHI,building_logging_camp,1,one_line,STATE_LUZON
zz_eco_flavour.txt,STATE_VISAYAS,PHI,building_coal_mine,1,one_line,STATE_LUZON
zz_eco_flavour.txt,STATE_LUZON,PHI,building_logging_camp,1,one_line,STATE_LUZON
zz_eco_flavour.txt,STATE_MINDANAO,PHI,building_logging_camp,1,one_line,STATE_LUZON
zz_eco_flavour.txt,STATE_WEST_MICRONESIA,PHI,building_logging_camp,1,one_line,STATE_LUZON
zz_eco_flavour.txt,STATE_WALLONIA,BEL,building_lead_mine,1,one_line,STATE_FLANDERS
zz_eco_flavour.txt,STATE_GELRE,BEL,building_logging_camp,1,one_line,STATE_FLANDERS
zz_eco_flavour.txt,STATE_BAVARIA,BAV,building_lead_mine,1,one_line,STATE_BAVARIA
zz_eco_flavour.txt,STATE_BAVARIA,BAV,building_coal_mine,1,one_line,STATE_BAVARIA
zz_eco_flavour.txt,STATE_RHINELAND,BAV,building_logging_camp,1,one_line,STATE_BAVARIA
zz_eco_flavour.txt,STATE_SHAN_STATES,BUR,building_logging_camp,1,one_line,STATE_MANDALAY
zz_eco_flavour.txt,STATE_SHAN_STATES,BUR,building_lead_mine,1,one_line,STATE_MANDALAY
zz_eco_flavour.txt,STATE_SHAN_STATES,BUR,building_coal_mine,1,one_line,STATE_MANDALAY
zz_eco_flavour.txt,STATE_MANDALAY,BUR,building_logging_camp,1,one_line,STATE_MANDALAY
zz_eco_flavour.txt,STATE_KACHIN,BUR,building_logging_camp,1,one_line,STATE_MANDALAY
zz_eco_flavour.txt,STATE_PEGU,BUR,building_logging_camp,1,one_line,STATE_MANDALAY
zz_eco_whale_gold.txt,STATE_BOMBAY,BIC,building_gold_mine,1,expanded,STATE_WEST_BENGAL
zz_eco_whale_gold.txt,STATE_PARANA,BRZ,building_whaling_station,1,expanded,STATE_RIO_DE_JANEIRO
zz_eco_whale_gold.txt,STATE_RIO_DE_JANEIRO,BRZ,building_whaling_station,1,expanded,STATE_RIO_DE_JANEIRO
zz_eco_whale_gold.txt,STATE_SANTA_CATARINA,BRZ,building_whaling_station,1,expanded,STATE_RIO_DE_JANEIRO
zz_eco_whale_gold.txt,STATE_KACHIN,BUR,building_gold_mine,1,expanded,STATE_MANDALAY
zz_eco_whale_gold.txt,STATE_MANDALAY,BUR,building_gold_mine,1,expanded,STATE_MANDALAY
zz_eco_whale_gold.txt,STATE_CAUCA,CLM,building_whaling_station,1,expanded,STATE_CUNDINAMARCA
zz_eco_whale_gold.txt,STATE_PANAMA,CLM,building_whaling_station,1,expanded,STATE_CUNDINAMARCA
zz_eco_whale_gold.txt,STATE_NORMANDY,FRA,building_whaling_station,1,expanded,STATE_ILE_DE_FRANCE
zz_eco_whale_gold.txt,STATE_INDIAN_OCEAN_TERRITORY,GBR,building_whaling_station,1,expanded,STATE_HOME_COUNTIES
zz_eco_whale_gold.txt,STATE_NEWFOUNDLAND,GBR,building_whaling_station,1,expanded,STATE_HOME_COUNTIES
zz_eco_whale_gold.txt,STATE_SOUTH_ATLANTIC_ISLANDS,GBR,building_whaling_station,1,expanded,STATE_HOME_COUNTIES
zz_eco_whale_gold.txt,STATE_CHUGOKU,JAP,building_whaling_station,1,expanded,STATE_KYOTO
zz_eco_whale_gold.txt,STATE_HOKKAIDO,JAP,building_whaling_station,1,expanded,STATE_KYOTO
zz_eco_whale_gold.txt,STATE_KANSAI,JAP,building_gold_mine,1,expanded,STATE_KYOTO
zz_eco_whale_gold.txt,STATE_KANTO,JAP,building_whaling_station,1,expanded,STATE_KYOTO
zz_eco_whale_gold.txt,STATE_KYUSHU,JAP,building_gold_mine,1,expanded,STATE_KYOTO
zz_eco_whale_gold.txt,STATE_TOHOKU,JAP,building_gold_mine,1,expanded,STATE_KYOTO
zz_eco_whale_gold.txt,STATE_TOHOKU,JAP,building_whaling_station,1,expanded,STATE_KYOTO
zz_eco_whale_gold.txt,STATE_BUSAN,KOR,building_whaling_station,1,expanded,STATE_SEOUL
zz_eco_whale_gold.txt,STATE_PYONGYANG,KOR,building_gold_mine,1,expanded,STATE_SEOUL
zz_eco_whale_gold.txt,STATE_SARIWON,KOR,building_gold_mine,1,expanded,STATE_SEOUL
zz_eco_whale_gold.txt,STATE_SEOUL,KOR,building_gold_mine,1,expanded,STATE_SEOUL
zz_eco_whale_gold.txt,STATE_SEOUL,KOR,building_whaling_station,1,expanded,STATE_SEOUL
zz_eco_whale_gold.txt,STATE_YANGHO,KOR,building_whaling_station,1,expanded,STATE_SEOUL
zz_eco_whale_gold.txt,STATE_BAJA_CALIFORNIA,MEX,building_whaling_station,1,expanded,STATE_MEXICO
zz_eco_whale_gold.txt,STATE_CALIFORNIA,MEX,building_whaling_station,1,expanded,STATE_MEXICO
zz_eco_whale_gold.txt,STATE_INNER_MOROCCO,MOR,building_gold_mine,1,expanded,STATE_FEZ
zz_eco_whale_gold.txt,STATE_FRIESLAND,NET,building_whaling_station,1,expanded,STATE_HOLLAND
zz_eco_whale_gold.txt,STATE_WEST_MICRONESIA,PHI,building_whaling_station,1,expanded,STATE_LUZON
zz_eco_whale_gold.txt,STATE_BEIRA,POR,building_gold_mine,1,expanded,STATE_ESTREMADURA
zz_eco_whale_gold.txt,STATE_CAPE_VERDE,POR,building_whaling_station,1,expanded,STATE_ESTREMADURA
zz_eco_whale_gold.txt,STATE_ENTRE_DOURO_E_MINHO,POR,building_gold_mine,1,expanded,STATE_ESTREMADURA
zz_eco_whale_gold.txt,STATE_NORTH_ANGOLA,POR,building_whaling_station,1,expanded,STATE_ESTREMADURA
zz_eco_whale_gold.txt,STATE_ARKHANGELSK,RUS,building_gold_mine,1,expanded,STATE_INGRIA
zz_eco_whale_gold.txt,STATE_CHELYABINSK,RUS,building_gold_mine,1,expanded,STATE_INGRIA
zz_eco_whale_gold.txt,STATE_CHUKOTKA,RUS,building_whaling_station,1,expanded,STATE_INGRIA
zz_eco_whale_gold.txt,STATE_GREATER_CAUCASUS,RUS,building_gold_mine,1,expanded,STATE_INGRIA
zz_eco_whale_gold.txt,STATE_KAMCHATKA,RUS,building_whaling_station,1,expanded,STATE_INGRIA
zz_eco_whale_gold.txt,STATE_OKHOTSK,RUS,building_whaling_station,1,expanded,STATE_INGRIA
zz_eco_whale_gold.txt,STATE_URAL,RUS,building_gold_mine,1,expanded,STATE_INGRIA
zz_eco_whale_gold.txt,STATE_CAPE_COLONY,SAF,building_whaling_station,1,expanded,STATE_CAPE_COLONY
zz_eco_whale_gold.txt,STATE_GALICIA,SPA,building_gold_mine,1,expanded,STATE_NEW_CASTILE
zz_eco_whale_gold.txt,STATE_GALICIA,SPA,building_whaling_station,1,expanded,STATE_NEW_CASTILE
zz_eco_whale_gold.txt,STATE_MURCIA,SPA,building_gold_mine,1,expanded,STATE_NEW_CASTILE
zz_eco_whale_gold.txt,STATE_CONNECTICUT,USA,building_whaling_station,1,expanded,STATE_DISTRICT_OF_COLUMBIA
zz_eco_whale_gold.txt,STATE_MAINE,USA,building_whaling_station,1,expanded,STATE_DISTRICT_OF_COLUMBIA
zz_eco_whale_gold.txt,STATE_NEW_HAMPSHIRE,USA,building_whaling_station,1,expanded,STATE_DISTRICT_OF_COLUMBIA
zz_eco_whale_gold.txt,STATE_NEW_YORK,USA,building_whaling_station,1,expanded,STATE_DISTRICT_OF_COLUMBIA
zz_eco_whale_gold.txt,STATE_RHODE_ISLAND,USA,building_whaling_station,1,expanded,STATE_DISTRICT_OF_COLUMBIA
zz_eco_starters_eastafrica.txt,STATE_OROMIA,SHW,building_iron_mine,1,expanded,STATE_OROMIA
zz_eco_starters_eastafrica.txt,STATE_OROMIA,SHW,building_logging_camp,1,expanded,STATE_OROMIA
