tag,building,kind,need,rank,state,pop,levels,left,basis,group,fd_region,map_src
CHI,building_tea_plantation,champ,20,1,STATE_JIANGXI,24213496,1,597,arable_land,bg_plantations,STATE_BEIJING,state_regions/11_east_asia.txt
CHI,building_tea_plantation,champ,20,2,STATE_SOUTHERN_ANHUI,22832408,1,547,arable_land,bg_plantations,STATE_BEIJING,state_regions/11_east_asia.txt
CHI,building_tea_plantation,champ,20,3,STATE_HENAN,20936384,1,499,arable_land,bg_plantations,STATE_BEIJING,state_regions/11_east_asia.txt
CHI,building_tea_plantation,champ,20,4,STATE_CHONGQING,20092808,1,497,arable_land,bg_plantations,STATE_BEIJING,state_regions/11_east_asia.txt
CHI,building_tea_plantation,champ,20,5,STATE_SUZHOU,17672008,1,398,arable_land,bg_plantations,STATE_BEIJING,state_regions/11_east_asia.txt
CHI,building_tea_plantation,champ,20,6,STATE_FUJIAN,16324832,1,398,arable_land,bg_plantations,STATE_BEIJING,state_regions/11_east_asia.txt
CHI,building_tea_plantation,champ,20,7,STATE_SHANDONG,15176000,1,350,arable_land,bg_plantations,STATE_BEIJING,state_regions/11_east_asia.txt
CHI,building_tea_plantation,champ,20,8,STATE_GUANGXI,14938908,1,399,arable_land,bg_plantations,STATE_BEIJING,state_regions/11_east_asia.txt
CHI,building_tea_plantation,champ,20,9,STATE_SICHUAN,14003796,1,329,arable_land,bg_plantations,STATE_BEIJING,state_regions/11_east_asia.txt
CHI,building_tea_plantation,champ,20,10,STATE_EASTERN_HUBEI,13524896,1,319,arable_land,bg_plantations,STATE_BEIJING,state_regions/11_east_asia.txt
CHI,building_tea_plantation,champ,20,11,STATE_HUNAN,13399992,1,330,arable_land,bg_plantations,STATE_BEIJING,state_regions/11_east_asia.txt
CHI,building_tea_plantation,champ,20,12,STATE_WESTERN_HUBEI,13150000,1,319,arable_land,bg_plantations,STATE_BEIJING,state_regions/11_east_asia.txt
CHI,building_tea_plantation,champ,20,13,STATE_GUANGDONG,12662392,1,329,arable_land,bg_plantations,STATE_BEIJING,state_regions/11_east_asia.txt
CHI,building_tea_plantation,champ,20,14,STATE_NANJING,11132284,1,360,arable_land,bg_plantations,STATE_BEIJING,state_regions/11_east_asia.txt
CHI,building_tea_plantation,champ,20,15,STATE_JIANGSU,10993608,1,279,arable_land,bg_plantations,STATE_BEIJING,state_regions/11_east_asia.txt
CHI,building_tea_plantation,champ,20,16,STATE_NORTHERN_ANHUI,10662000,1,269,arable_land,bg_plantations,STATE_BEIJING,state_regions/11_east_asia.txt
CHI,building_tea_plantation,champ,20,17,STATE_XIAN,9695792,1,250,arable_land,bg_plantations,STATE_BEIJING,state_regions/11_east_asia.txt
CHI,building_tea_plantation,champ,20,18,STATE_ZHEJIANG,9473000,1,249,arable_land,bg_plantations,STATE_BEIJING,state_regions/11_east_asia.txt
CHI,building_tea_plantation,champ,20,19,STATE_SHAOZHOU,8913992,1,198,arable_land,bg_plantations,STATE_BEIJING,state_regions/11_east_asia.txt
CHI,building_tea_plantation,champ,20,20,STATE_NINGXIA,8820588,1,200,arable_land,bg_plantations,STATE_BEIJING,state_regions/11_east_asia.txt
CHI,building_fishing_wharf,support,2,1,STATE_SUZHOU,17672008,1,4,capped_resources,bg_fishing,STATE_BEIJING,state_regions/11_east_asia.txt
CHI,building_fishing_wharf,support,2,2,STATE_FUJIAN,16324832,1,9,capped_resources,bg_fishing,STATE_BEIJING,state_regions/11_east_asia.txt
CHI,building_logging_camp,support,2,1,STATE_JIANGXI,24213496,1,13,capped_resources,bg_logging,STATE_BEIJING,state_regions/11_east_asia.txt
CHI,building_logging_camp,support,2,2,STATE_SOUTHERN_ANHUI,22832408,1,12,capped_resources,bg_logging,STATE_BEIJING,state_regions/11_east_asia.txt
CHI,building_furniture_manufactory,support,2,1,STATE_JIANGXI,24213496,1,99,no_cap,bg_light_industry,STATE_BEIJING,state_regions/11_east_asia.txt
CHI,building_furniture_manufactory,support,2,2,STATE_SOUTHERN_ANHUI,22832408,1,99,no_cap,bg_light_industry,STATE_BEIJING,state_regions/11_east_asia.txt
CHI,building_textile_mill,support,2,1,STATE_JIANGXI,24213496,1,99,no_cap,bg_light_industry,STATE_BEIJING,state_regions/11_east_asia.txt
CHI,building_textile_mill,support,2,2,STATE_SOUTHERN_ANHUI,22832408,1,99,no_cap,bg_light_industry,STATE_BEIJING,state_regions/11_east_asia.txt
CHI,building_food_industry,support,2,1,STATE_JIANGXI,24213496,1,99,no_cap,bg_light_industry,STATE_BEIJING,state_regions/11_east_asia.txt
CHI,building_food_industry,support,2,2,STATE_SOUTHERN_ANHUI,22832408,1,99,no_cap,bg_light_industry,STATE_BEIJING,state_regions/11_east_asia.txt
CHI,building_silk_plantation,support,2,1,STATE_JIANGXI,24213496,1,597,arable_land,bg_plantations,STATE_BEIJING,state_regions/11_east_asia.txt
CHI,building_silk_plantation,support,2,2,STATE_SOUTHERN_ANHUI,22832408,1,547,arable_land,bg_plantations,STATE_BEIJING,state_regions/11_east_asia.txt
RUS,building_logging_camp,champ,20,1,STATE_ORYOL,3356122,1,71,capped_resources,bg_logging,STATE_INGRIA,state_regions/15_russia.txt
RUS,building_logging_camp,champ,20,2,STATE_KIEV,3313761,1,29,capped_resources,bg_logging,STATE_INGRIA,state_regions/15_russia.txt
RUS,building_logging_camp,champ,20,3,STATE_YAROSLAVL,3010095,1,65,capped_resources,bg_logging,STATE_INGRIA,state_regions/15_russia.txt
RUS,building_logging_camp,champ,20,4,STATE_KHARKOV,2956760,1,18,capped_resources,bg_logging,STATE_INGRIA,state_regions/15_russia.txt
RUS,building_logging_camp,champ,20,5,STATE_TAMBOV,2644279,1,34,capped_resources,bg_logging,STATE_INGRIA,state_regions/15_russia.txt
RUS,building_logging_camp,champ,20,6,STATE_GREATER_POLAND,2588291,1,8,capped_resources,bg_logging,STATE_INGRIA,state_regions/02_east_europe.txt
RUS,building_logging_camp,champ,20,7,STATE_KURSK,2189913,1,81,capped_resources,bg_logging,STATE_INGRIA,state_regions/15_russia.txt
RUS,building_logging_camp,champ,20,8,STATE_SAMARA,1593287,1,8,capped_resources,bg_logging,STATE_INGRIA,state_regions/09_central_asia.txt
RUS,building_logging_camp,champ,20,9,STATE_NIZHNY_NOVGOROD,1582933,1,24,capped_resources,bg_logging,STATE_INGRIA,state_regions/15_russia.txt
RUS,building_logging_camp,champ,20,10,STATE_VYATKA,1512000,1,35,capped_resources,bg_logging,STATE_INGRIA,state_regions/15_russia.txt
RUS,building_logging_camp,champ,20,11,STATE_GREATER_CAUCASUS,1453390,1,18,capped_resources,bg_logging,STATE_INGRIA,state_regions/09_central_asia.txt
RUS,building_logging_camp,champ,20,12,STATE_CHERNIHIV,1424280,1,15,capped_resources,bg_logging,STATE_INGRIA,state_regions/15_russia.txt
RUS,building_logging_camp,champ,20,13,STATE_MAZOVIA,1315511,1,8,capped_resources,bg_logging,STATE_INGRIA,state_regions/02_east_europe.txt
RUS,building_logging_camp,champ,20,14,STATE_TAURIDA,1296141,1,7,capped_resources,bg_logging,STATE_INGRIA,state_regions/15_russia.txt
RUS,building_logging_camp,champ,20,15,STATE_RYAZAN,1243172,1,27,capped_resources,bg_logging,STATE_INGRIA,state_regions/15_russia.txt
RUS,building_logging_camp,champ,20,16,STATE_MOSCOW,1239301,1,33,capped_resources,bg_logging,STATE_INGRIA,state_regions/15_russia.txt
RUS,building_logging_camp,champ,20,17,STATE_TVER,1232108,1,35,capped_resources,bg_logging,STATE_INGRIA,state_regions/15_russia.txt
RUS,building_logging_camp,champ,20,18,STATE_TARTARIA,1189294,1,15,capped_resources,bg_logging,STATE_INGRIA,state_regions/09_central_asia.txt
RUS,building_logging_camp,champ,20,19,STATE_KAZAN,1109562,1,12,capped_resources,bg_logging,STATE_INGRIA,state_regions/15_russia.txt
RUS,building_logging_camp,champ,20,20,STATE_SMOLENSK,1029741,1,24,capped_resources,bg_logging,STATE_INGRIA,state_regions/15_russia.txt
RUS,building_wheat_farm,support,2,1,STATE_KIEV,3313761,1,174,arable_land,bg_staple_crops,STATE_INGRIA,state_regions/15_russia.txt
RUS,building_wheat_farm,support,2,2,STATE_KHARKOV,2956760,1,149,arable_land,bg_staple_crops,STATE_INGRIA,state_regions/15_russia.txt
RUS,building_furniture_manufactory,support,2,1,STATE_ORYOL,3356122,1,99,no_cap,bg_light_industry,STATE_INGRIA,state_regions/15_russia.txt
RUS,building_furniture_manufactory,support,2,2,STATE_KIEV,3313761,1,99,no_cap,bg_light_industry,STATE_INGRIA,state_regions/15_russia.txt
RUS,building_food_industry,support,2,1,STATE_ORYOL,3356122,1,99,no_cap,bg_light_industry,STATE_INGRIA,state_regions/15_russia.txt
RUS,building_food_industry,support,2,2,STATE_KIEV,3313761,1,99,no_cap,bg_light_industry,STATE_INGRIA,state_regions/15_russia.txt
RUS,building_paper_mill,support,2,1,STATE_ORYOL,3356122,1,99,no_cap,bg_light_industry,STATE_INGRIA,state_regions/15_russia.txt
RUS,building_paper_mill,support,2,2,STATE_KIEV,3313761,1,99,no_cap,bg_light_industry,STATE_INGRIA,state_regions/15_russia.txt
RUS,building_livestock_ranch,support,2,1,STATE_ORYOL,3356122,1,179,arable_land,bg_ranching,STATE_INGRIA,state_regions/15_russia.txt
RUS,building_livestock_ranch,support,2,2,STATE_KIEV,3313761,1,174,arable_land,bg_ranching,STATE_INGRIA,state_regions/15_russia.txt
RUS,building_fishing_wharf,support,2,1,STATE_GREATER_CAUCASUS,1453390,1,4,capped_resources,bg_fishing,STATE_INGRIA,state_regions/09_central_asia.txt
RUS,building_fishing_wharf,support,2,2,STATE_TAURIDA,1296141,1,11,capped_resources,bg_fishing,STATE_INGRIA,state_regions/15_russia.txt
BIC,building_dye_plantation,champ,20,1,STATE_EAST_BENGAL,21556674,2,595,arable_land,bg_plantations,STATE_WEST_BENGAL,state_regions/10_india.txt
BIC,building_dye_plantation,champ,20,2,STATE_AGRA,20933434,1,720,arable_land,bg_plantations,STATE_WEST_BENGAL,state_regions/10_india.txt
BIC,building_dye_plantation,champ,20,3,STATE_WEST_BENGAL,17269275,1,548,arable_land,bg_plantations,STATE_WEST_BENGAL,state_regions/10_india.txt
BIC,building_dye_plantation,champ,20,4,STATE_BIHAR,12241311,1,369,arable_land,bg_plantations,STATE_WEST_BENGAL,state_regions/10_india.txt
BIC,building_dye_plantation,champ,20,5,STATE_BOMBAY,11802465,1,746,arable_land,bg_plantations,STATE_WEST_BENGAL,state_regions/10_india.txt
BIC,building_dye_plantation,champ,20,6,STATE_MADRAS,8328149,1,671,arable_land,bg_plantations,STATE_WEST_BENGAL,state_regions/10_india.txt
BIC,building_dye_plantation,champ,20,7,STATE_AWADH,3682454,1,367,arable_land,bg_plantations,STATE_WEST_BENGAL,state_regions/10_india.txt
BIC,building_dye_plantation,champ,20,8,STATE_CIRCARS,3102255,1,448,arable_land,bg_plantations,STATE_WEST_BENGAL,state_regions/10_india.txt
BIC,building_dye_plantation,champ,20,9,STATE_GUJARAT,2587706,1,880,arable_land,bg_plantations,STATE_WEST_BENGAL,state_regions/10_india.txt
BIC,building_dye_plantation,champ,20,10,STATE_KURNOOL,1374385,1,62,arable_land,bg_plantations,STATE_WEST_BENGAL,state_regions/10_india.txt
BIC,building_dye_plantation,champ,20,11,STATE_TRAVANCORE,1089970,1,238,arable_land,bg_plantations,STATE_WEST_BENGAL,state_regions/10_india.txt
BIC,building_dye_plantation,champ,20,12,STATE_CENTRAL_PROVINCES,904738,1,201,arable_land,bg_plantations,STATE_WEST_BENGAL,state_regions/10_india.txt
BIC,building_dye_plantation,champ,20,13,STATE_ORISSA,869092,1,169,arable_land,bg_plantations,STATE_WEST_BENGAL,state_regions/10_india.txt
BIC,building_dye_plantation,champ,20,14,STATE_ASSAM,553006,1,104,arable_land,bg_plantations,STATE_WEST_BENGAL,state_regions/10_india.txt
BIC,building_dye_plantation,champ,20,15,STATE_MYSORE,535409,1,298,arable_land,bg_plantations,STATE_WEST_BENGAL,state_regions/10_india.txt
BIC,building_dye_plantation,champ,20,16,STATE_TENASSERIM,357696,1,19,arable_land,bg_plantations,STATE_WEST_BENGAL,state_regions/10_india.txt
BIC,building_dye_plantation,champ,20,17,STATE_RAJPUTANA,226141,1,598,arable_land,bg_plantations,STATE_WEST_BENGAL,state_regions/10_india.txt
BIC,building_dye_plantation,champ,20,18,STATE_ARAKAN,188316,1,31,arable_land,bg_plantations,STATE_WEST_BENGAL,state_regions/10_india.txt
BIC,building_dye_plantation,champ,20,19,STATE_PEGU,1923,1,38,arable_land,bg_plantations,STATE_WEST_BENGAL,state_regions/10_india.txt
BIC,building_wheat_farm,support,2,1,STATE_DELHI,2888634,1,1198,arable_land,bg_staple_crops,STATE_WEST_BENGAL,state_regions/10_india.txt
BIC,building_wheat_farm,support,2,2,STATE_GUJARAT,2587706,1,880,arable_land,bg_staple_crops,STATE_WEST_BENGAL,state_regions/10_india.txt
BIC,building_cotton_plantation,support,2,1,STATE_AGRA,20933434,1,720,arable_land,bg_plantations,STATE_WEST_BENGAL,state_regions/10_india.txt
BIC,building_cotton_plantation,support,2,2,STATE_BIHAR,12241311,1,369,arable_land,bg_plantations,STATE_WEST_BENGAL,state_regions/10_india.txt
BIC,building_livestock_ranch,support,2,1,STATE_EAST_BENGAL,21556674,1,595,arable_land,bg_ranching,STATE_WEST_BENGAL,state_regions/10_india.txt
BIC,building_livestock_ranch,support,2,2,STATE_AGRA,20933434,1,720,arable_land,bg_ranching,STATE_WEST_BENGAL,state_regions/10_india.txt
BIC,building_fishing_wharf,support,2,1,STATE_EAST_BENGAL,21556674,1,10,capped_resources,bg_fishing,STATE_WEST_BENGAL,state_regions/10_india.txt
BIC,building_fishing_wharf,support,2,2,STATE_WEST_BENGAL,17269275,1,7,capped_resources,bg_fishing,STATE_WEST_BENGAL,state_regions/10_india.txt
BIC,building_logging_camp,support,2,1,STATE_EAST_BENGAL,21556674,1,23,capped_resources,bg_logging,STATE_WEST_BENGAL,state_regions/10_india.txt
BIC,building_logging_camp,support,2,2,STATE_AGRA,20933434,1,5,capped_resources,bg_logging,STATE_WEST_BENGAL,state_regions/10_india.txt
BIC,building_tea_plantation,support,2,1,STATE_EAST_BENGAL,21556674,1,595,arable_land,bg_plantations,STATE_WEST_BENGAL,state_regions/10_india.txt
BIC,building_tea_plantation,support,2,2,STATE_AGRA,20933434,1,720,arable_land,bg_plantations,STATE_WEST_BENGAL,state_regions/10_india.txt
USA,building_livestock_ranch,champ,18,1,STATE_NEW_YORK,2221000,1,119,arable_land,bg_ranching,STATE_DISTRICT_OF_COLUMBIA,state_regions/05_north_america.txt
USA,building_livestock_ranch,champ,18,2,STATE_PENNSYLVANIA,1500300,1,178,arable_land,bg_ranching,STATE_DISTRICT_OF_COLUMBIA,state_regions/05_north_america.txt
USA,building_livestock_ranch,champ,18,3,STATE_OHIO,1344212,1,178,arable_land,bg_ranching,STATE_DISTRICT_OF_COLUMBIA,state_regions/05_north_america.txt
USA,building_livestock_ranch,champ,18,4,STATE_MASSACHUSETTS,847280,1,19,arable_land,bg_ranching,STATE_DISTRICT_OF_COLUMBIA,state_regions/05_north_america.txt
USA,building_livestock_ranch,champ,18,5,STATE_VIRGINIA,818796,1,177,arable_land,bg_ranching,STATE_DISTRICT_OF_COLUMBIA,state_regions/05_north_america.txt
USA,building_livestock_ranch,champ,18,6,STATE_TENNESSEE,772128,1,177,arable_land,bg_ranching,STATE_DISTRICT_OF_COLUMBIA,state_regions/05_north_america.txt
USA,building_livestock_ranch,champ,18,7,STATE_KENTUCKY,744376,1,178,arable_land,bg_ranching,STATE_DISTRICT_OF_COLUMBIA,state_regions/05_north_america.txt
USA,building_livestock_ranch,champ,18,8,STATE_NORTH_CAROLINA,740144,1,179,arable_land,bg_ranching,STATE_DISTRICT_OF_COLUMBIA,state_regions/05_north_america.txt
USA,building_livestock_ranch,champ,18,9,STATE_INDIANA,663508,1,220,arable_land,bg_ranching,STATE_DISTRICT_OF_COLUMBIA,state_regions/05_north_america.txt
USA,building_livestock_ranch,champ,18,10,STATE_ALABAMA,600480,1,168,arable_land,bg_ranching,STATE_DISTRICT_OF_COLUMBIA,state_regions/05_north_america.txt
USA,building_livestock_ranch,champ,18,11,STATE_GEORGIA,598574,1,177,arable_land,bg_ranching,STATE_DISTRICT_OF_COLUMBIA,state_regions/05_north_america.txt
USA,building_livestock_ranch,champ,18,12,STATE_SOUTH_CAROLINA,588588,1,98,arable_land,bg_ranching,STATE_DISTRICT_OF_COLUMBIA,state_regions/05_north_america.txt
USA,building_livestock_ranch,champ,18,13,STATE_ILLINOIS,456400,1,269,arable_land,bg_ranching,STATE_DISTRICT_OF_COLUMBIA,state_regions/05_north_america.txt
USA,building_livestock_ranch,champ,18,14,STATE_MAINE,397228,1,20,arable_land,bg_ranching,STATE_DISTRICT_OF_COLUMBIA,state_regions/05_north_america.txt
USA,building_livestock_ranch,champ,18,15,STATE_MISSOURI,367508,1,229,arable_land,bg_ranching,STATE_DISTRICT_OF_COLUMBIA,state_regions/05_north_america.txt
USA,building_livestock_ranch,champ,18,16,STATE_MARYLAND,359005,1,24,arable_land,bg_ranching,STATE_DISTRICT_OF_COLUMBIA,state_regions/05_north_america.txt
USA,building_livestock_ranch,champ,18,17,STATE_NEW_JERSEY,347192,1,40,arable_land,bg_ranching,STATE_DISTRICT_OF_COLUMBIA,state_regions/05_north_america.txt
USA,building_livestock_ranch,champ,18,18,STATE_LOUISIANA,294684,1,119,arable_land,bg_ranching,STATE_DISTRICT_OF_COLUMBIA,state_regions/05_north_america.txt
USA,building_steel_mill,support,2,1,STATE_NEW_YORK,2221000,1,99,no_cap,bg_heavy_industry,STATE_DISTRICT_OF_COLUMBIA,state_regions/05_north_america.txt
USA,building_steel_mill,support,2,2,STATE_PENNSYLVANIA,1500300,1,99,no_cap,bg_heavy_industry,STATE_DISTRICT_OF_COLUMBIA,state_regions/05_north_america.txt
USA,building_iron_mine,support,2,1,STATE_NEW_YORK,2221000,1,44,capped_resources,bg_mining,STATE_DISTRICT_OF_COLUMBIA,state_regions/05_north_america.txt
USA,building_iron_mine,support,2,2,STATE_PENNSYLVANIA,1500300,1,57,capped_resources,bg_mining,STATE_DISTRICT_OF_COLUMBIA,state_regions/05_north_america.txt
USA,building_coal_mine,support,2,1,STATE_PENNSYLVANIA,1500300,1,118,capped_resources,bg_mining,STATE_DISTRICT_OF_COLUMBIA,state_regions/05_north_america.txt
USA,building_coal_mine,support,2,2,STATE_OHIO,1344212,1,59,capped_resources,bg_mining,STATE_DISTRICT_OF_COLUMBIA,state_regions/05_north_america.txt
USA,building_cotton_plantation,support,2,1,STATE_VIRGINIA,818796,1,177,arable_land,bg_plantations,STATE_DISTRICT_OF_COLUMBIA,state_regions/05_north_america.txt
USA,building_cotton_plantation,support,2,2,STATE_TENNESSEE,772128,1,177,arable_land,bg_plantations,STATE_DISTRICT_OF_COLUMBIA,state_regions/05_north_america.txt
USA,building_tooling_workshop,support,2,1,STATE_NEW_YORK,2221000,1,99,no_cap,bg_light_industry,STATE_DISTRICT_OF_COLUMBIA,state_regions/05_north_america.txt
USA,building_tooling_workshop,support,2,2,STATE_PENNSYLVANIA,1500300,1,99,no_cap,bg_light_industry,STATE_DISTRICT_OF_COLUMBIA,state_regions/05_north_america.txt
USA,building_food_industry,support,2,1,STATE_NEW_YORK,2221000,1,99,no_cap,bg_light_industry,STATE_DISTRICT_OF_COLUMBIA,state_regions/05_north_america.txt
USA,building_food_industry,support,2,2,STATE_PENNSYLVANIA,1500300,1,99,no_cap,bg_light_industry,STATE_DISTRICT_OF_COLUMBIA,state_regions/05_north_america.txt
FRA,building_vineyard,champ,18,1,STATE_NORMANDY,2685132,1,118,arable_land,bg_agriculture,STATE_ILE_DE_FRANCE,state_regions/00_west_europe.txt
FRA,building_vineyard,champ,18,2,STATE_BRITTANY,2620278,1,118,arable_land,bg_agriculture,STATE_ILE_DE_FRANCE,state_regions/00_west_europe.txt
FRA,building_vineyard,champ,18,3,STATE_RHONE,2604767,1,107,arable_land,bg_agriculture,STATE_ILE_DE_FRANCE,state_regions/00_west_europe.txt
FRA,building_vineyard,champ,18,4,STATE_LANGUEDOC,2373128,1,116,arable_land,bg_agriculture,STATE_ILE_DE_FRANCE,state_regions/00_west_europe.txt
FRA,building_vineyard,champ,18,5,STATE_AUVERGNE_LIMOUSIN,2327887,1,110,arable_land,bg_agriculture,STATE_ILE_DE_FRANCE,state_regions/00_west_europe.txt
FRA,building_vineyard,champ,18,6,STATE_ILE_DE_FRANCE,1882354,1,38,arable_land,bg_agriculture,STATE_ILE_DE_FRANCE,state_regions/00_west_europe.txt
FRA,building_vineyard,champ,18,7,STATE_AQUITAINE,1844177,1,89,arable_land,bg_agriculture,STATE_ILE_DE_FRANCE,state_regions/00_west_europe.txt
FRA,building_vineyard,champ,18,8,STATE_POITOU,1748194,1,90,arable_land,bg_agriculture,STATE_ILE_DE_FRANCE,state_regions/00_west_europe.txt
FRA,building_vineyard,champ,18,9,STATE_GUYENNE,1734040,1,89,arable_land,bg_agriculture,STATE_ILE_DE_FRANCE,state_regions/00_west_europe.txt
FRA,building_vineyard,champ,18,10,STATE_MAINE_ANJOU,1610194,1,111,arable_land,bg_agriculture,STATE_ILE_DE_FRANCE,state_regions/00_west_europe.txt
FRA,building_vineyard,champ,18,11,STATE_BURGUNDY,1576918,1,79,arable_land,bg_agriculture,STATE_ILE_DE_FRANCE,state_regions/00_west_europe.txt
FRA,building_vineyard,champ,18,12,STATE_ALSACE_LORRAINE,1436128,1,65,arable_land,bg_agriculture,STATE_ILE_DE_FRANCE,state_regions/00_west_europe.txt
FRA,building_vineyard,champ,18,13,STATE_ORLEANS,1379493,1,68,arable_land,bg_agriculture,STATE_ILE_DE_FRANCE,state_regions/00_west_europe.txt
FRA,building_vineyard,champ,18,14,STATE_CHAMPAGNE,1161945,1,79,arable_land,bg_agriculture,STATE_ILE_DE_FRANCE,state_regions/00_west_europe.txt
FRA,building_vineyard,champ,18,15,STATE_LORRAINE,1153101,1,54,arable_land,bg_agriculture,STATE_ILE_DE_FRANCE,state_regions/00_west_europe.txt
FRA,building_vineyard,champ,18,16,STATE_PROVENCE,1090845,1,58,arable_land,bg_agriculture,STATE_ILE_DE_FRANCE,state_regions/00_west_europe.txt
FRA,building_vineyard,champ,18,17,STATE_FRANCHE_COMTE,934927,1,50,arable_land,bg_agriculture,STATE_ILE_DE_FRANCE,state_regions/00_west_europe.txt
FRA,building_vineyard,champ,18,18,STATE_CORSICA,207889,1,9,arable_land,bg_agriculture,STATE_ILE_DE_FRANCE,state_regions/01_south_europe.txt
FRA,building_iron_mine,support,2,1,STATE_NORMANDY,2685132,1,29,capped_resources,bg_mining,STATE_ILE_DE_FRANCE,state_regions/00_west_europe.txt
FRA,building_iron_mine,support,2,2,STATE_RHONE,2604767,1,34,capped_resources,bg_mining,STATE_ILE_DE_FRANCE,state_regions/00_west_europe.txt
FRA,building_arms_industry,support,2,1,STATE_NORMANDY,2685132,1,99,no_cap,bg_military_industry,STATE_ILE_DE_FRANCE,state_regions/00_west_europe.txt
FRA,building_arms_industry,support,2,2,STATE_BRITTANY,2620278,1,99,no_cap,bg_military_industry,STATE_ILE_DE_FRANCE,state_regions/00_west_europe.txt
FRA,building_textile_mill,support,2,1,STATE_NORMANDY,2685132,1,99,no_cap,bg_light_industry,STATE_ILE_DE_FRANCE,state_regions/00_west_europe.txt
FRA,building_textile_mill,support,2,2,STATE_BRITTANY,2620278,1,99,no_cap,bg_light_industry,STATE_ILE_DE_FRANCE,state_regions/00_west_europe.txt
FRA,building_glassworks,support,2,1,STATE_NORMANDY,2685132,1,99,no_cap,bg_light_industry,STATE_ILE_DE_FRANCE,state_regions/00_west_europe.txt
FRA,building_glassworks,support,2,2,STATE_BRITTANY,2620278,1,99,no_cap,bg_light_industry,STATE_ILE_DE_FRANCE,state_regions/00_west_europe.txt
FRA,building_cotton_plantation,support,2,1,STATE_RHONE,2604767,1,107,arable_land,bg_plantations,STATE_ILE_DE_FRANCE,state_regions/00_west_europe.txt
FRA,building_cotton_plantation,support,2,2,STATE_LANGUEDOC,2373128,1,116,arable_land,bg_plantations,STATE_ILE_DE_FRANCE,state_regions/00_west_europe.txt
FRA,building_food_industry,support,2,1,STATE_NORMANDY,2685132,1,99,no_cap,bg_light_industry,STATE_ILE_DE_FRANCE,state_regions/00_west_europe.txt
FRA,building_food_industry,support,2,2,STATE_BRITTANY,2620278,1,99,no_cap,bg_light_industry,STATE_ILE_DE_FRANCE,state_regions/00_west_europe.txt
GBR,building_coal_mine,champ,18,1,STATE_HOME_COUNTIES,2805996,3,39,capped_resources,bg_mining,STATE_HOME_COUNTIES,state_regions/00_west_europe.txt
GBR,building_coal_mine,champ,18,2,STATE_MIDLANDS,2580004,3,78,capped_resources,bg_mining,STATE_HOME_COUNTIES,state_regions/00_west_europe.txt
GBR,building_coal_mine,champ,18,3,STATE_LANCASHIRE,2152804,2,99,capped_resources,bg_mining,STATE_HOME_COUNTIES,state_regions/00_west_europe.txt
GBR,building_coal_mine,champ,18,4,STATE_YORKSHIRE,2090592,2,98,capped_resources,bg_mining,STATE_HOME_COUNTIES,state_regions/00_west_europe.txt
GBR,building_coal_mine,champ,18,5,STATE_LOWLANDS,1637600,2,59,capped_resources,bg_mining,STATE_HOME_COUNTIES,state_regions/00_west_europe.txt
GBR,building_coal_mine,champ,18,6,STATE_EAST_ANGLIA,1573208,2,40,capped_resources,bg_mining,STATE_HOME_COUNTIES,state_regions/00_west_europe.txt
GBR,building_coal_mine,champ,18,7,STATE_WALES,973196,2,79,capped_resources,bg_mining,STATE_HOME_COUNTIES,state_regions/00_west_europe.txt
GBR,building_coal_mine,champ,18,8,STATE_MALAYA,124196,2,32,capped_resources,bg_mining,STATE_HOME_COUNTIES,state_regions/12_indonesia.txt
GBR,building_steel_mill,support,2,1,STATE_HOME_COUNTIES,2805996,1,99,no_cap,bg_heavy_industry,STATE_HOME_COUNTIES,state_regions/00_west_europe.txt
GBR,building_steel_mill,support,2,2,STATE_MIDLANDS,2580004,1,99,no_cap,bg_heavy_industry,STATE_HOME_COUNTIES,state_regions/00_west_europe.txt
GBR,building_motor_industry,support,2,1,STATE_HOME_COUNTIES,2805996,1,99,no_cap,bg_heavy_industry,STATE_HOME_COUNTIES,state_regions/00_west_europe.txt
GBR,building_motor_industry,support,2,2,STATE_MIDLANDS,2580004,1,99,no_cap,bg_heavy_industry,STATE_HOME_COUNTIES,state_regions/00_west_europe.txt
GBR,building_tooling_workshop,support,2,1,STATE_HOME_COUNTIES,2805996,1,99,no_cap,bg_light_industry,STATE_HOME_COUNTIES,state_regions/00_west_europe.txt
GBR,building_tooling_workshop,support,2,2,STATE_MIDLANDS,2580004,1,99,no_cap,bg_light_industry,STATE_HOME_COUNTIES,state_regions/00_west_europe.txt
GBR,building_textile_mill,support,2,1,STATE_HOME_COUNTIES,2805996,1,99,no_cap,bg_light_industry,STATE_HOME_COUNTIES,state_regions/00_west_europe.txt
GBR,building_textile_mill,support,2,2,STATE_MIDLANDS,2580004,1,99,no_cap,bg_light_industry,STATE_HOME_COUNTIES,state_regions/00_west_europe.txt
GBR,building_glassworks,support,2,1,STATE_HOME_COUNTIES,2805996,1,99,no_cap,bg_light_industry,STATE_HOME_COUNTIES,state_regions/00_west_europe.txt
GBR,building_glassworks,support,2,2,STATE_MIDLANDS,2580004,1,99,no_cap,bg_light_industry,STATE_HOME_COUNTIES,state_regions/00_west_europe.txt
GBR,building_furniture_manufactory,support,2,1,STATE_HOME_COUNTIES,2805996,1,99,no_cap,bg_light_industry,STATE_HOME_COUNTIES,state_regions/00_west_europe.txt
GBR,building_furniture_manufactory,support,2,2,STATE_MIDLANDS,2580004,1,99,no_cap,bg_light_industry,STATE_HOME_COUNTIES,state_regions/00_west_europe.txt
TUR,building_tobacco_plantation,champ,18,1,STATE_ANKARA,1579415,1,61,arable_land,bg_plantations,STATE_EASTERN_THRACE,state_regions/08_middle_east.txt
TUR,building_tobacco_plantation,champ,18,2,STATE_EASTERN_THRACE,1342988,1,27,arable_land,bg_plantations,STATE_EASTERN_THRACE,state_regions/01_south_europe.txt
TUR,building_tobacco_plantation,champ,18,3,STATE_ALBANIA,1263208,1,49,arable_land,bg_plantations,STATE_EASTERN_THRACE,state_regions/01_south_europe.txt
TUR,building_tobacco_plantation,champ,18,4,STATE_THESSALIA,1131904,1,48,arable_land,bg_plantations,STATE_EASTERN_THRACE,state_regions/01_south_europe.txt
TUR,building_tobacco_plantation,champ,18,5,STATE_HUDAVENDIGAR,1038367,1,39,arable_land,bg_plantations,STATE_EASTERN_THRACE,state_regions/08_middle_east.txt
TUR,building_tobacco_plantation,champ,18,6,STATE_AYDIN,1003276,1,33,arable_land,bg_plantations,STATE_EASTERN_THRACE,state_regions/08_middle_east.txt
TUR,building_tobacco_plantation,champ,18,7,STATE_TRABZON,913612,1,39,arable_land,bg_plantations,STATE_EASTERN_THRACE,state_regions/08_middle_east.txt
TUR,building_tobacco_plantation,champ,18,8,STATE_ERZURUM,880846,1,39,arable_land,bg_plantations,STATE_EASTERN_THRACE,state_regions/08_middle_east.txt
TUR,building_tobacco_plantation,champ,18,9,STATE_BOSNIA,864500,1,40,arable_land,bg_plantations,STATE_EASTERN_THRACE,state_regions/01_south_europe.txt
TUR,building_tobacco_plantation,champ,18,10,STATE_NORTHERN_THRACE,853608,1,29,arable_land,bg_plantations,STATE_EASTERN_THRACE,state_regions/01_south_europe.txt
TUR,building_tobacco_plantation,champ,18,11,STATE_KONYA,801714,1,38,arable_land,bg_plantations,STATE_EASTERN_THRACE,state_regions/08_middle_east.txt
TUR,building_tobacco_plantation,champ,18,12,STATE_KASTAMONU,774816,1,34,arable_land,bg_plantations,STATE_EASTERN_THRACE,state_regions/08_middle_east.txt
TUR,building_tobacco_plantation,champ,18,13,STATE_SKOPIA,736892,1,29,arable_land,bg_plantations,STATE_EASTERN_THRACE,state_regions/01_south_europe.txt
TUR,building_tobacco_plantation,champ,18,14,STATE_WESTERN_THRACE,732608,1,19,arable_land,bg_plantations,STATE_EASTERN_THRACE,state_regions/01_south_europe.txt
TUR,building_tobacco_plantation,champ,18,15,STATE_DIYARBAKIR,712235,1,38,arable_land,bg_plantations,STATE_EASTERN_THRACE,state_regions/08_middle_east.txt
TUR,building_tobacco_plantation,champ,18,16,STATE_MOSUL,593804,1,30,arable_land,bg_plantations,STATE_EASTERN_THRACE,state_regions/08_middle_east.txt
TUR,building_tobacco_plantation,champ,18,17,STATE_BAGHDAD,500994,1,38,arable_land,bg_plantations,STATE_EASTERN_THRACE,state_regions/08_middle_east.txt
TUR,building_tobacco_plantation,champ,18,18,STATE_MACEDONIA,446104,1,19,arable_land,bg_plantations,STATE_EASTERN_THRACE,state_regions/01_south_europe.txt
TUR,building_tea_plantation,support,2,1,STATE_ANKARA,1579415,1,61,arable_land,bg_plantations,STATE_EASTERN_THRACE,state_regions/08_middle_east.txt
TUR,building_tea_plantation,support,2,2,STATE_HUDAVENDIGAR,1038367,1,39,arable_land,bg_plantations,STATE_EASTERN_THRACE,state_regions/08_middle_east.txt
TUR,building_wheat_farm,support,2,1,STATE_ANKARA,1579415,1,61,arable_land,bg_staple_crops,STATE_EASTERN_THRACE,state_regions/08_middle_east.txt
TUR,building_wheat_farm,support,2,2,STATE_EASTERN_THRACE,1342988,1,27,arable_land,bg_staple_crops,STATE_EASTERN_THRACE,state_regions/01_south_europe.txt
TUR,building_livestock_ranch,support,2,1,STATE_ANKARA,1579415,1,61,arable_land,bg_ranching,STATE_EASTERN_THRACE,state_regions/08_middle_east.txt
TUR,building_livestock_ranch,support,2,2,STATE_EASTERN_THRACE,1342988,1,27,arable_land,bg_ranching,STATE_EASTERN_THRACE,state_regions/01_south_europe.txt
TUR,building_paper_mill,support,2,1,STATE_ANKARA,1579415,1,99,no_cap,bg_light_industry,STATE_EASTERN_THRACE,state_regions/08_middle_east.txt
TUR,building_paper_mill,support,2,2,STATE_EASTERN_THRACE,1342988,1,99,no_cap,bg_light_industry,STATE_EASTERN_THRACE,state_regions/01_south_europe.txt
TUR,building_cotton_plantation,support,2,1,STATE_ANKARA,1579415,1,61,arable_land,bg_plantations,STATE_EASTERN_THRACE,state_regions/08_middle_east.txt
TUR,building_cotton_plantation,support,2,2,STATE_EASTERN_THRACE,1342988,1,27,arable_land,bg_plantations,STATE_EASTERN_THRACE,state_regions/01_south_europe.txt
TUR,building_fishing_wharf,support,2,1,STATE_EASTERN_THRACE,1342988,1,10,capped_resources,bg_fishing,STATE_EASTERN_THRACE,state_regions/01_south_europe.txt
TUR,building_fishing_wharf,support,2,2,STATE_ALBANIA,1263208,1,7,capped_resources,bg_fishing,STATE_EASTERN_THRACE,state_regions/01_south_europe.txt
JAP,building_fishing_wharf,champ,16,1,STATE_KANTO,5004465,2,20,capped_resources,bg_fishing,STATE_KYOTO,state_regions/11_east_asia.txt
JAP,building_fishing_wharf,champ,16,2,STATE_TOKAI,4192918,2,25,capped_resources,bg_fishing,STATE_KYOTO,state_regions/11_east_asia.txt
JAP,building_fishing_wharf,champ,16,3,STATE_KYUSHU,4141707,2,17,capped_resources,bg_fishing,STATE_KYOTO,state_regions/11_east_asia.txt
JAP,building_fishing_wharf,champ,16,4,STATE_HOKUSHINETSU,4138700,2,25,capped_resources,bg_fishing,STATE_KYOTO,state_regions/11_east_asia.txt
JAP,building_fishing_wharf,champ,16,5,STATE_CHUGOKU,4077516,2,11,capped_resources,bg_fishing,STATE_KYOTO,state_regions/11_east_asia.txt
JAP,building_fishing_wharf,champ,16,6,STATE_KANSAI,3986882,1,9,capped_resources,bg_fishing,STATE_KYOTO,state_regions/11_east_asia.txt
JAP,building_fishing_wharf,champ,16,7,STATE_TOHOKU,3157725,1,21,capped_resources,bg_fishing,STATE_KYOTO,state_regions/11_east_asia.txt
JAP,building_fishing_wharf,champ,16,8,STATE_SHIKOKU,2319419,1,9,capped_resources,bg_fishing,STATE_KYOTO,state_regions/11_east_asia.txt
JAP,building_fishing_wharf,champ,16,9,STATE_KYOTO,1377948,1,10,capped_resources,bg_fishing,STATE_KYOTO,state_regions/11_east_asia.txt
JAP,building_fishing_wharf,champ,16,10,STATE_RYUKYU_ISLANDS,117451,1,5,capped_resources,bg_fishing,STATE_KYOTO,state_regions/11_east_asia.txt
JAP,building_fishing_wharf,champ,16,11,STATE_HOKKAIDO,31204,1,20,capped_resources,bg_fishing,STATE_KYOTO,state_regions/11_east_asia.txt
JAP,building_paper_mill,support,2,1,STATE_KANTO,5004465,1,99,no_cap,bg_light_industry,STATE_KYOTO,state_regions/11_east_asia.txt
JAP,building_paper_mill,support,2,2,STATE_TOKAI,4192918,1,99,no_cap,bg_light_industry,STATE_KYOTO,state_regions/11_east_asia.txt
JAP,building_food_industry,support,2,1,STATE_KANTO,5004465,1,99,no_cap,bg_light_industry,STATE_KYOTO,state_regions/11_east_asia.txt
JAP,building_food_industry,support,2,2,STATE_TOKAI,4192918,1,99,no_cap,bg_light_industry,STATE_KYOTO,state_regions/11_east_asia.txt
JAP,building_furniture_manufactory,support,2,1,STATE_KANTO,5004465,1,99,no_cap,bg_light_industry,STATE_KYOTO,state_regions/11_east_asia.txt
JAP,building_furniture_manufactory,support,2,2,STATE_TOKAI,4192918,1,99,no_cap,bg_light_industry,STATE_KYOTO,state_regions/11_east_asia.txt
JAP,building_glassworks,support,2,1,STATE_KANTO,5004465,1,99,no_cap,bg_light_industry,STATE_KYOTO,state_regions/11_east_asia.txt
JAP,building_glassworks,support,2,2,STATE_TOKAI,4192918,1,99,no_cap,bg_light_industry,STATE_KYOTO,state_regions/11_east_asia.txt
JAP,building_textile_mill,support,2,1,STATE_KANTO,5004465,1,99,no_cap,bg_light_industry,STATE_KYOTO,state_regions/11_east_asia.txt
JAP,building_textile_mill,support,2,2,STATE_TOKAI,4192918,1,99,no_cap,bg_light_industry,STATE_KYOTO,state_regions/11_east_asia.txt
JAP,building_silk_plantation,support,2,1,STATE_KANTO,5004465,1,127,arable_land,bg_plantations,STATE_KYOTO,state_regions/11_east_asia.txt
JAP,building_silk_plantation,support,2,2,STATE_TOKAI,4192918,1,106,arable_land,bg_plantations,STATE_KYOTO,state_regions/11_east_asia.txt
PRU,building_steel_mill,champ,14,1,STATE_LOWER_SILESIA,1919162,2,99,no_cap,bg_heavy_industry,STATE_BRANDENBURG,state_regions/02_east_europe.txt
PRU,building_steel_mill,champ,14,2,STATE_BRANDENBURG,1631504,1,99,no_cap,bg_heavy_industry,STATE_BRANDENBURG,state_regions/00_west_europe.txt
PRU,building_steel_mill,champ,14,3,STATE_POSEN,1568764,1,99,no_cap,bg_heavy_industry,STATE_BRANDENBURG,state_regions/02_east_europe.txt
PRU,building_steel_mill,champ,14,4,STATE_ANHALT,1383392,1,99,no_cap,bg_heavy_industry,STATE_BRANDENBURG,state_regions/00_west_europe.txt
PRU,building_steel_mill,champ,14,5,STATE_WESTPHALIA,1278830,1,99,no_cap,bg_heavy_industry,STATE_BRANDENBURG,state_regions/00_west_europe.txt
PRU,building_steel_mill,champ,14,6,STATE_POMERANIA,1147800,1,99,no_cap,bg_heavy_industry,STATE_BRANDENBURG,state_regions/00_west_europe.txt
PRU,building_steel_mill,champ,14,7,STATE_NORTH_RHINE,1015728,1,99,no_cap,bg_heavy_industry,STATE_BRANDENBURG,state_regions/00_west_europe.txt
PRU,building_steel_mill,champ,14,8,STATE_EAST_PRUSSIA,859792,1,99,no_cap,bg_heavy_industry,STATE_BRANDENBURG,state_regions/02_east_europe.txt
PRU,building_steel_mill,champ,14,9,STATE_RUHR,856288,1,99,no_cap,bg_heavy_industry,STATE_BRANDENBURG,state_regions/00_west_europe.txt
PRU,building_steel_mill,champ,14,10,STATE_WEST_PRUSSIA,797004,1,99,no_cap,bg_heavy_industry,STATE_BRANDENBURG,state_regions/02_east_europe.txt
PRU,building_steel_mill,champ,14,11,STATE_RHINELAND,756392,1,99,no_cap,bg_heavy_industry,STATE_BRANDENBURG,state_regions/00_west_europe.txt
PRU,building_steel_mill,champ,14,12,STATE_UPPER_SILESIA,735861,1,99,no_cap,bg_heavy_industry,STATE_BRANDENBURG,state_regions/02_east_europe.txt
PRU,building_steel_mill,champ,14,13,STATE_BRUNSWICK,112000,1,99,no_cap,bg_heavy_industry,STATE_BRANDENBURG,state_regions/00_west_europe.txt
PRU,building_tooling_workshop,support,1,1,STATE_LOWER_SILESIA,1919162,1,99,no_cap,bg_light_industry,STATE_BRANDENBURG,state_regions/02_east_europe.txt
PRU,building_iron_mine,support,1,1,STATE_LOWER_SILESIA,1919162,1,20,capped_resources,bg_mining,STATE_BRANDENBURG,state_regions/02_east_europe.txt
PRU,building_coal_mine,support,1,1,STATE_LOWER_SILESIA,1919162,1,19,capped_resources,bg_mining,STATE_BRANDENBURG,state_regions/02_east_europe.txt
PRU,building_artillery_foundry,support,1,1,STATE_LOWER_SILESIA,1919162,1,99,no_cap,bg_military_industry,STATE_BRANDENBURG,state_regions/02_east_europe.txt
PRU,building_chemical_plant,support,1,1,STATE_LOWER_SILESIA,1919162,1,99,no_cap,bg_heavy_industry,STATE_BRANDENBURG,state_regions/02_east_europe.txt
PRU,building_motor_industry,support,1,1,STATE_LOWER_SILESIA,1919162,1,99,no_cap,bg_heavy_industry,STATE_BRANDENBURG,state_regions/02_east_europe.txt
SPA,building_furniture_manufactory,champ,12,1,STATE_NEW_CASTILE,1578858,1,99,no_cap,bg_light_industry,STATE_NEW_CASTILE,state_regions/01_south_europe.txt
SPA,building_furniture_manufactory,champ,12,2,STATE_GALICIA,1485255,1,99,no_cap,bg_light_industry,STATE_NEW_CASTILE,state_regions/01_south_europe.txt
SPA,building_furniture_manufactory,champ,12,3,STATE_OLD_CASTILE,1274098,1,99,no_cap,bg_light_industry,STATE_NEW_CASTILE,state_regions/01_south_europe.txt
SPA,building_furniture_manufactory,champ,12,4,STATE_LOWER_ANDALUSIA,1215991,1,99,no_cap,bg_light_industry,STATE_NEW_CASTILE,state_regions/01_south_europe.txt
SPA,building_furniture_manufactory,champ,12,5,STATE_UPPER_ANDALUSIA,1188141,1,99,no_cap,bg_light_industry,STATE_NEW_CASTILE,state_regions/01_south_europe.txt
SPA,building_furniture_manufactory,champ,12,6,STATE_CATALONIA,976110,1,99,no_cap,bg_light_industry,STATE_NEW_CASTILE,state_regions/01_south_europe.txt
SPA,building_furniture_manufactory,champ,12,7,STATE_VALENCIA,965789,1,99,no_cap,bg_light_industry,STATE_NEW_CASTILE,state_regions/01_south_europe.txt
SPA,building_furniture_manufactory,champ,12,8,STATE_LEON,642921,1,99,no_cap,bg_light_industry,STATE_NEW_CASTILE,state_regions/01_south_europe.txt
SPA,building_furniture_manufactory,champ,12,9,STATE_ARAGON,634562,1,99,no_cap,bg_light_industry,STATE_NEW_CASTILE,state_regions/01_south_europe.txt
SPA,building_furniture_manufactory,champ,12,10,STATE_EXTREMADURA,552368,1,99,no_cap,bg_light_industry,STATE_NEW_CASTILE,state_regions/01_south_europe.txt
SPA,building_furniture_manufactory,champ,12,11,STATE_MURCIA,474306,1,99,no_cap,bg_light_industry,STATE_NEW_CASTILE,state_regions/01_south_europe.txt
SPA,building_furniture_manufactory,champ,12,12,STATE_ASTURIAS,438563,1,99,no_cap,bg_light_industry,STATE_NEW_CASTILE,state_regions/01_south_europe.txt
SPA,building_cotton_plantation,support,1,1,STATE_NEW_CASTILE,1578858,1,48,arable_land,bg_plantations,STATE_NEW_CASTILE,state_regions/01_south_europe.txt
SPA,building_paper_mill,support,1,1,STATE_NEW_CASTILE,1578858,1,99,no_cap,bg_light_industry,STATE_NEW_CASTILE,state_regions/01_south_europe.txt
SPA,building_food_industry,support,1,1,STATE_NEW_CASTILE,1578858,1,99,no_cap,bg_light_industry,STATE_NEW_CASTILE,state_regions/01_south_europe.txt
SPA,building_textile_mill,support,1,1,STATE_NEW_CASTILE,1578858,1,99,no_cap,bg_light_industry,STATE_NEW_CASTILE,state_regions/01_south_europe.txt
SPA,building_vineyard,support,1,1,STATE_NEW_CASTILE,1578858,1,48,arable_land,bg_agriculture,STATE_NEW_CASTILE,state_regions/01_south_europe.txt
SPA,building_fishing_wharf,support,1,1,STATE_GALICIA,1485255,1,7,capped_resources,bg_fishing,STATE_NEW_CASTILE,state_regions/01_south_europe.txt
AUS,building_furniture_manufactory,champ,12,1,STATE_BOHEMIA,4150412,1,99,no_cap,bg_light_industry,STATE_AUSTRIA,state_regions/00_west_europe.txt
AUS,building_furniture_manufactory,champ,12,2,STATE_EAST_GALICIA,2448608,1,99,no_cap,bg_light_industry,STATE_AUSTRIA,state_regions/02_east_europe.txt
AUS,building_furniture_manufactory,champ,12,3,STATE_LOMBARDY,2377392,1,99,no_cap,bg_light_industry,STATE_AUSTRIA,state_regions/01_south_europe.txt
AUS,building_furniture_manufactory,champ,12,4,STATE_MORAVIA,2098396,1,99,no_cap,bg_light_industry,STATE_AUSTRIA,state_regions/00_west_europe.txt
AUS,building_furniture_manufactory,champ,12,5,STATE_WEST_GALICIA,2056004,1,99,no_cap,bg_light_industry,STATE_AUSTRIA,state_regions/02_east_europe.txt
AUS,building_furniture_manufactory,champ,12,6,STATE_AUSTRIA,2014400,1,99,no_cap,bg_light_industry,STATE_AUSTRIA,state_regions/00_west_europe.txt
AUS,building_furniture_manufactory,champ,12,7,STATE_VENETIA,1857196,1,99,no_cap,bg_light_industry,STATE_AUSTRIA,state_regions/01_south_europe.txt
AUS,building_furniture_manufactory,champ,12,8,STATE_STYRIA,736796,1,99,no_cap,bg_light_industry,STATE_AUSTRIA,state_regions/00_west_europe.txt
AUS,building_furniture_manufactory,champ,12,9,STATE_ISTRIA,680096,1,99,no_cap,bg_light_industry,STATE_AUSTRIA,state_regions/01_south_europe.txt
AUS,building_furniture_manufactory,champ,12,10,STATE_TYROL,559304,1,99,no_cap,bg_light_industry,STATE_AUSTRIA,state_regions/00_west_europe.txt
AUS,building_furniture_manufactory,champ,12,11,STATE_SOUTH_TYROL,491000,1,99,no_cap,bg_light_industry,STATE_AUSTRIA,state_regions/00_west_europe.txt
AUS,building_furniture_manufactory,champ,12,12,STATE_SLOVENIA,485788,1,99,no_cap,bg_light_industry,STATE_AUSTRIA,state_regions/01_south_europe.txt
AUS,building_glassworks,support,1,1,STATE_BOHEMIA,4150412,1,99,no_cap,bg_light_industry,STATE_AUSTRIA,state_regions/00_west_europe.txt
AUS,building_cotton_plantation,support,1,1,STATE_LOMBARDY,2377392,1,108,arable_land,bg_plantations,STATE_AUSTRIA,state_regions/01_south_europe.txt
AUS,building_tooling_workshop,support,1,1,STATE_BOHEMIA,4150412,1,99,no_cap,bg_light_industry,STATE_AUSTRIA,state_regions/00_west_europe.txt
AUS,building_textile_mill,support,1,1,STATE_BOHEMIA,4150412,1,99,no_cap,bg_light_industry,STATE_AUSTRIA,state_regions/00_west_europe.txt
AUS,building_arms_industry,support,1,1,STATE_BOHEMIA,4150412,1,99,no_cap,bg_military_industry,STATE_AUSTRIA,state_regions/00_west_europe.txt
AUS,building_silk_plantation,support,1,1,STATE_LOMBARDY,2377392,1,108,arable_land,bg_plantations,STATE_AUSTRIA,state_regions/01_south_europe.txt
MEX,building_tobacco_plantation,champ,12,1,STATE_MEXICO,1811090,2,155,arable_land,bg_plantations,STATE_MEXICO,state_regions/05_north_america.txt
MEX,building_tobacco_plantation,champ,12,2,STATE_JALISCO,1190161,2,79,arable_land,bg_plantations,STATE_MEXICO,state_regions/05_north_america.txt
MEX,building_tobacco_plantation,champ,12,3,STATE_BAJIO,950333,2,98,arable_land,bg_plantations,STATE_MEXICO,state_regions/05_north_america.txt
MEX,building_tobacco_plantation,champ,12,4,STATE_OAXACA,479674,1,120,arable_land,bg_plantations,STATE_MEXICO,state_regions/05_north_america.txt
MEX,building_tobacco_plantation,champ,12,5,STATE_ZACATECAS,313308,1,79,arable_land,bg_plantations,STATE_MEXICO,state_regions/05_north_america.txt
MEX,building_tobacco_plantation,champ,12,6,STATE_VERACRUZ,251061,1,159,arable_land,bg_plantations,STATE_MEXICO,state_regions/05_north_america.txt
MEX,building_tobacco_plantation,champ,12,7,STATE_GUERRERO,231320,1,120,arable_land,bg_plantations,STATE_MEXICO,state_regions/05_north_america.txt
MEX,building_tobacco_plantation,champ,12,8,STATE_CHIAPAS,130010,1,39,arable_land,bg_plantations,STATE_MEXICO,state_regions/05_north_america.txt
MEX,building_tobacco_plantation,champ,12,9,STATE_BAJA_CALIFORNIA,22864,1,20,arable_land,bg_plantations,STATE_MEXICO,state_regions/05_north_america.txt
MEX,building_cotton_plantation,support,1,1,STATE_RIO_GRANDE,224503,1,39,arable_land,bg_plantations,STATE_MEXICO,state_regions/05_north_america.txt
MEX,building_paper_mill,support,1,1,STATE_MEXICO,1811090,1,99,no_cap,bg_light_industry,STATE_MEXICO,state_regions/05_north_america.txt
MEX,building_food_industry,support,1,1,STATE_MEXICO,1811090,1,99,no_cap,bg_light_industry,STATE_MEXICO,state_regions/05_north_america.txt
MEX,building_dye_plantation,support,1,1,STATE_MEXICO,1811090,1,155,arable_land,bg_plantations,STATE_MEXICO,state_regions/05_north_america.txt
MEX,building_coffee_plantation,support,1,1,STATE_MEXICO,1811090,1,155,arable_land,bg_plantations,STATE_MEXICO,state_regions/05_north_america.txt
MEX,building_fishing_wharf,support,1,1,STATE_JALISCO,1190161,1,7,capped_resources,bg_fishing,STATE_MEXICO,state_regions/05_north_america.txt
KOR,building_logging_camp,champ,10,1,STATE_YANGHO,4552487,2,6,capped_resources,bg_logging,STATE_SEOUL,state_regions/11_east_asia.txt
KOR,building_logging_camp,champ,10,2,STATE_PYONGYANG,3612828,2,13,capped_resources,bg_logging,STATE_SEOUL,state_regions/11_east_asia.txt
KOR,building_logging_camp,champ,10,3,STATE_BUSAN,3597837,2,5,capped_resources,bg_logging,STATE_SEOUL,state_regions/11_east_asia.txt
KOR,building_logging_camp,champ,10,4,STATE_SEOUL,2818978,2,18,capped_resources,bg_logging,STATE_SEOUL,state_regions/11_east_asia.txt
KOR,building_logging_camp,champ,10,5,STATE_SARIWON,1620102,2,19,capped_resources,bg_logging,STATE_SEOUL,state_regions/11_east_asia.txt
KOR,building_tobacco_plantation,support,1,1,STATE_YANGHO,4552487,1,108,arable_land,bg_plantations,STATE_SEOUL,state_regions/11_east_asia.txt
KOR,building_cotton_plantation,support,1,1,STATE_YANGHO,4552487,1,108,arable_land,bg_plantations,STATE_SEOUL,state_regions/11_east_asia.txt
KOR,building_iron_mine,support,1,1,STATE_PYONGYANG,3612828,1,34,capped_resources,bg_mining,STATE_SEOUL,state_regions/11_east_asia.txt
KOR,building_fishing_wharf,support,1,1,STATE_YANGHO,4552487,1,7,capped_resources,bg_fishing,STATE_SEOUL,state_regions/11_east_asia.txt
KOR,building_paper_mill,support,1,1,STATE_YANGHO,4552487,1,99,no_cap,bg_light_industry,STATE_SEOUL,state_regions/11_east_asia.txt
KOR,building_silk_plantation,support,1,1,STATE_YANGHO,4552487,1,108,arable_land,bg_plantations,STATE_SEOUL,state_regions/11_east_asia.txt
BRZ,building_banana_plantation,champ,10,1,STATE_BAHIA,731500,1,76,arable_land,bg_plantations,STATE_RIO_DE_JANEIRO,state_regions/07_south_america.txt
BRZ,building_banana_plantation,champ,10,2,STATE_MINAS_GERAIS,729904,1,147,arable_land,bg_plantations,STATE_RIO_DE_JANEIRO,state_regions/07_south_america.txt
BRZ,building_banana_plantation,champ,10,3,STATE_PERNAMBUCO,707769,1,58,arable_land,bg_plantations,STATE_RIO_DE_JANEIRO,state_regions/07_south_america.txt
BRZ,building_banana_plantation,champ,10,4,STATE_RIO_DE_JANEIRO,582808,1,78,arable_land,bg_plantations,STATE_RIO_DE_JANEIRO,state_regions/07_south_america.txt
BRZ,building_banana_plantation,champ,10,5,STATE_SAO_PAULO,334077,1,127,arable_land,bg_plantations,STATE_RIO_DE_JANEIRO,state_regions/07_south_america.txt
BRZ,building_banana_plantation,champ,10,6,STATE_CEARA,211451,1,29,arable_land,bg_plantations,STATE_RIO_DE_JANEIRO,state_regions/07_south_america.txt
BRZ,building_banana_plantation,champ,10,7,STATE_MARANHAO,148249,1,30,arable_land,bg_plantations,STATE_RIO_DE_JANEIRO,state_regions/07_south_america.txt
BRZ,building_banana_plantation,champ,10,8,STATE_PARAIBA,135764,1,50,arable_land,bg_plantations,STATE_RIO_DE_JANEIRO,state_regions/07_south_america.txt
BRZ,building_banana_plantation,champ,10,9,STATE_MATO_GROSSO,103932,1,60,arable_land,bg_plantations,STATE_RIO_DE_JANEIRO,state_regions/07_south_america.txt
BRZ,building_banana_plantation,champ,10,10,STATE_PIAUI,94932,1,30,arable_land,bg_plantations,STATE_RIO_DE_JANEIRO,state_regions/07_south_america.txt
BRZ,building_food_industry,support,1,1,STATE_BAHIA,731500,1,99,no_cap,bg_light_industry,STATE_RIO_DE_JANEIRO,state_regions/07_south_america.txt
BRZ,building_furniture_manufactory,support,1,1,STATE_BAHIA,731500,1,99,no_cap,bg_light_industry,STATE_RIO_DE_JANEIRO,state_regions/07_south_america.txt
BRZ,building_logging_camp,support,1,1,STATE_BAHIA,731500,1,18,capped_resources,bg_logging,STATE_RIO_DE_JANEIRO,state_regions/07_south_america.txt
BRZ,building_coffee_plantation,support,1,1,STATE_BAHIA,731500,1,76,arable_land,bg_plantations,STATE_RIO_DE_JANEIRO,state_regions/07_south_america.txt
BRZ,building_sugar_plantation,support,1,1,STATE_BAHIA,731500,1,76,arable_land,bg_plantations,STATE_RIO_DE_JANEIRO,state_regions/07_south_america.txt
BRZ,building_fishing_wharf,support,1,1,STATE_BAHIA,731500,1,7,capped_resources,bg_fishing,STATE_RIO_DE_JANEIRO,state_regions/07_south_america.txt
PER,building_textile_mill,champ,10,1,STATE_IRAKAJEMI,1509713,1,99,no_cap,bg_light_industry,STATE_IRAKAJEMI,state_regions/08_middle_east.txt
PER,building_textile_mill,champ,10,2,STATE_MAZANDARAN,1026936,1,99,no_cap,bg_light_industry,STATE_IRAKAJEMI,state_regions/08_middle_east.txt
PER,building_textile_mill,champ,10,3,STATE_TABRIZ,914086,1,99,no_cap,bg_light_industry,STATE_IRAKAJEMI,state_regions/08_middle_east.txt
PER,building_textile_mill,champ,10,4,STATE_KHORASAN,715822,1,99,no_cap,bg_light_industry,STATE_IRAKAJEMI,state_regions/08_middle_east.txt
PER,building_textile_mill,champ,10,5,STATE_FARS,538436,1,99,no_cap,bg_light_industry,STATE_IRAKAJEMI,state_regions/08_middle_east.txt
PER,building_textile_mill,champ,10,6,STATE_ISFAHAN,499382,1,99,no_cap,bg_light_industry,STATE_IRAKAJEMI,state_regions/08_middle_east.txt
PER,building_textile_mill,champ,10,7,STATE_PERSIAN_KURDISTAN,401370,1,99,no_cap,bg_light_industry,STATE_IRAKAJEMI,state_regions/08_middle_east.txt
PER,building_textile_mill,champ,10,8,STATE_URMIA,360941,1,99,no_cap,bg_light_industry,STATE_IRAKAJEMI,state_regions/08_middle_east.txt
PER,building_textile_mill,champ,10,9,STATE_LURISTAN,325202,1,99,no_cap,bg_light_industry,STATE_IRAKAJEMI,state_regions/08_middle_east.txt
PER,building_textile_mill,champ,10,10,STATE_KERMAN,227689,1,99,no_cap,bg_light_industry,STATE_IRAKAJEMI,state_regions/08_middle_east.txt
PER,building_opium_plantation,support,1,1,STATE_IRAKAJEMI,1509713,1,48,arable_land,bg_plantations,STATE_IRAKAJEMI,state_regions/08_middle_east.txt
PER,building_fishing_wharf,support,1,1,STATE_FARS,538436,1,6,capped_resources,bg_fishing,STATE_IRAKAJEMI,state_regions/08_middle_east.txt
PER,building_furniture_manufactory,support,1,1,STATE_IRAKAJEMI,1509713,1,99,no_cap,bg_light_industry,STATE_IRAKAJEMI,state_regions/08_middle_east.txt
PER,building_glassworks,support,1,1,STATE_IRAKAJEMI,1509713,1,99,no_cap,bg_light_industry,STATE_IRAKAJEMI,state_regions/08_middle_east.txt
PER,building_cotton_plantation,support,1,1,STATE_IRAKAJEMI,1509713,1,48,arable_land,bg_plantations,STATE_IRAKAJEMI,state_regions/08_middle_east.txt
PER,building_logging_camp,support,1,1,STATE_IRAKAJEMI,1509713,1,6,capped_resources,bg_logging,STATE_IRAKAJEMI,state_regions/08_middle_east.txt
EGY,building_cotton_plantation,champ,10,1,STATE_LOWER_EGYPT,2670504,1,75,arable_land,bg_plantations,STATE_LOWER_EGYPT,state_regions/03_north_africa.txt
EGY,building_cotton_plantation,champ,10,2,STATE_MIDDLE_EGYPT,1157903,1,47,arable_land,bg_plantations,STATE_LOWER_EGYPT,state_regions/03_north_africa.txt
EGY,building_cotton_plantation,champ,10,3,STATE_BLUE_NILE,1149592,1,58,arable_land,bg_plantations,STATE_LOWER_EGYPT,state_regions/03_north_africa.txt
EGY,building_cotton_plantation,champ,10,4,STATE_ALEPPO,593000,1,38,arable_land,bg_plantations,STATE_LOWER_EGYPT,state_regions/08_middle_east.txt
EGY,building_cotton_plantation,champ,10,5,STATE_SYRIA,540200,1,30,arable_land,bg_plantations,STATE_LOWER_EGYPT,state_regions/08_middle_east.txt
EGY,building_cotton_plantation,champ,10,6,STATE_UPPER_EGYPT,391745,1,39,arable_land,bg_plantations,STATE_LOWER_EGYPT,state_regions/03_north_africa.txt
EGY,building_cotton_plantation,champ,10,7,STATE_LEBANON,378000,1,29,arable_land,bg_plantations,STATE_LOWER_EGYPT,state_regions/08_middle_east.txt
EGY,building_cotton_plantation,champ,10,8,STATE_PALESTINE,370500,1,30,arable_land,bg_plantations,STATE_LOWER_EGYPT,state_regions/08_middle_east.txt
EGY,building_cotton_plantation,champ,10,9,STATE_DONGOLA,364004,1,39,arable_land,bg_plantations,STATE_LOWER_EGYPT,state_regions/03_north_africa.txt
EGY,building_cotton_plantation,champ,10,10,STATE_ADANA,334884,1,13,arable_land,bg_plantations,STATE_LOWER_EGYPT,state_regions/08_middle_east.txt
EGY,building_livestock_ranch,support,1,1,STATE_LOWER_EGYPT,2670504,1,75,arable_land,bg_ranching,STATE_LOWER_EGYPT,state_regions/03_north_africa.txt
EGY,building_logging_camp,support,1,1,STATE_LOWER_EGYPT,2670504,1,1,capped_resources,bg_logging,STATE_LOWER_EGYPT,state_regions/03_north_africa.txt
EGY,building_food_industry,support,1,1,STATE_LOWER_EGYPT,2670504,1,99,no_cap,bg_light_industry,STATE_LOWER_EGYPT,state_regions/03_north_africa.txt
EGY,building_iron_mine,support,1,1,STATE_PALESTINE,370500,1,23,capped_resources,bg_mining,STATE_LOWER_EGYPT,state_regions/08_middle_east.txt
EGY,building_fishing_wharf,support,1,1,STATE_LOWER_EGYPT,2670504,1,5,capped_resources,bg_fishing,STATE_LOWER_EGYPT,state_regions/03_north_africa.txt
EGY,building_tobacco_plantation,support,1,1,STATE_LOWER_EGYPT,2670504,1,75,arable_land,bg_plantations,STATE_LOWER_EGYPT,state_regions/03_north_africa.txt
PAN,building_cotton_plantation,champ,10,1,STATE_PUNJAB,5480251,5,946,arable_land,bg_plantations,STATE_PUNJAB,state_regions/10_india.txt
PAN,building_cotton_plantation,champ,10,2,STATE_HILL_PUNJAB,1424232,5,178,arable_land,bg_plantations,STATE_PUNJAB,state_regions/10_india.txt
PAN,building_wheat_farm,support,1,1,STATE_PUNJAB,5480251,1,946,arable_land,bg_staple_crops,STATE_PUNJAB,state_regions/10_india.txt
PAN,building_livestock_ranch,support,1,1,STATE_PUNJAB,5480251,1,946,arable_land,bg_ranching,STATE_PUNJAB,state_regions/10_india.txt
PAN,building_opium_plantation,support,1,1,STATE_HILL_PUNJAB,1424232,1,178,arable_land,bg_plantations,STATE_PUNJAB,state_regions/10_india.txt
PAN,building_tooling_workshop,support,1,1,STATE_PUNJAB,5480251,1,99,no_cap,bg_light_industry,STATE_PUNJAB,state_regions/10_india.txt
PAN,building_food_industry,support,1,1,STATE_PUNJAB,5480251,1,99,no_cap,bg_light_industry,STATE_PUNJAB,state_regions/10_india.txt
PAN,building_textile_mill,support,1,1,STATE_PUNJAB,5480251,1,99,no_cap,bg_light_industry,STATE_PUNJAB,state_regions/10_india.txt
DEI,building_banana_plantation,champ,10,1,STATE_WEST_JAVA,3861212,1,104,arable_land,bg_plantations,STATE_WEST_JAVA,state_regions/12_indonesia.txt
DEI,building_banana_plantation,champ,10,2,STATE_CENTRAL_JAVA,2102816,1,75,arable_land,bg_plantations,STATE_WEST_JAVA,state_regions/12_indonesia.txt
DEI,building_banana_plantation,champ,10,3,STATE_EAST_JAVA,2080396,1,58,arable_land,bg_plantations,STATE_WEST_JAVA,state_regions/12_indonesia.txt
DEI,building_banana_plantation,champ,10,4,STATE_SUNDA_ISLANDS,705184,1,57,arable_land,bg_plantations,STATE_WEST_JAVA,state_regions/12_indonesia.txt
DEI,building_banana_plantation,champ,10,5,STATE_MOLUCCAS,254291,1,18,arable_land,bg_plantations,STATE_WEST_JAVA,state_regions/12_indonesia.txt
DEI,building_banana_plantation,champ,10,6,STATE_NORTH_SUMATRA,199571,1,59,arable_land,bg_plantations,STATE_WEST_JAVA,state_regions/12_indonesia.txt
DEI,building_banana_plantation,champ,10,7,STATE_SOUTH_SUMATRA,132694,1,39,arable_land,bg_plantations,STATE_WEST_JAVA,state_regions/12_indonesia.txt
DEI,building_banana_plantation,champ,10,8,STATE_WEST_BORNEO,54660,1,21,arable_land,bg_plantations,STATE_WEST_JAVA,state_regions/12_indonesia.txt
DEI,building_banana_plantation,champ,10,9,STATE_ACEH,50985,1,40,arable_land,bg_plantations,STATE_WEST_JAVA,state_regions/12_indonesia.txt
DEI,building_banana_plantation,champ,10,10,STATE_CELEBES,49863,1,40,arable_land,bg_plantations,STATE_WEST_JAVA,state_regions/12_indonesia.txt
DEI,building_dye_plantation,support,1,1,STATE_WEST_JAVA,3861212,1,104,arable_land,bg_plantations,STATE_WEST_JAVA,state_regions/12_indonesia.txt
DEI,building_coffee_plantation,support,1,1,STATE_WEST_JAVA,3861212,1,104,arable_land,bg_plantations,STATE_WEST_JAVA,state_regions/12_indonesia.txt
DEI,building_fishing_wharf,support,1,1,STATE_WEST_JAVA,3861212,1,11,capped_resources,bg_fishing,STATE_WEST_JAVA,state_regions/12_indonesia.txt
DEI,building_cotton_plantation,support,1,1,STATE_WEST_JAVA,3861212,1,104,arable_land,bg_plantations,STATE_WEST_JAVA,state_regions/12_indonesia.txt
DEI,building_sugar_plantation,support,1,1,STATE_WEST_JAVA,3861212,1,104,arable_land,bg_plantations,STATE_WEST_JAVA,state_regions/12_indonesia.txt
DEI,building_tea_plantation,support,1,1,STATE_WEST_JAVA,3861212,1,104,arable_land,bg_plantations,STATE_WEST_JAVA,state_regions/12_indonesia.txt
HUN,building_livestock_ranch,champ,8,1,STATE_TRANSDANUBIA,2356492,2,124,arable_land,bg_ranching,STATE_CENTRAL_HUNGARY,state_regions/02_east_europe.txt
HUN,building_livestock_ranch,champ,8,2,STATE_SLOVAKIA,2046586,1,104,arable_land,bg_ranching,STATE_CENTRAL_HUNGARY,state_regions/02_east_europe.txt
HUN,building_livestock_ranch,champ,8,3,STATE_BEKES,1524492,1,79,arable_land,bg_ranching,STATE_CENTRAL_HUNGARY,state_regions/02_east_europe.txt
HUN,building_livestock_ranch,champ,8,4,STATE_CENTRAL_HUNGARY,1198988,1,108,arable_land,bg_ranching,STATE_CENTRAL_HUNGARY,state_regions/02_east_europe.txt
HUN,building_livestock_ranch,champ,8,5,STATE_BANAT,1189660,1,70,arable_land,bg_ranching,STATE_CENTRAL_HUNGARY,state_regions/02_east_europe.txt
HUN,building_livestock_ranch,champ,8,6,STATE_DELVIDEK,761396,1,50,arable_land,bg_ranching,STATE_CENTRAL_HUNGARY,state_regions/02_east_europe.txt
HUN,building_livestock_ranch,champ,8,7,STATE_RUTHENIA,342154,1,70,arable_land,bg_ranching,STATE_CENTRAL_HUNGARY,state_regions/02_east_europe.txt
HUN,building_wheat_farm,support,1,1,STATE_TRANSDANUBIA,2356492,1,124,arable_land,bg_staple_crops,STATE_CENTRAL_HUNGARY,state_regions/02_east_europe.txt
HUN,building_food_industry,support,1,1,STATE_TRANSDANUBIA,2356492,1,99,no_cap,bg_light_industry,STATE_CENTRAL_HUNGARY,state_regions/02_east_europe.txt
HUN,building_iron_mine,support,1,1,STATE_SLOVAKIA,2046586,1,61,capped_resources,bg_mining,STATE_CENTRAL_HUNGARY,state_regions/02_east_europe.txt
HUN,building_steel_mill,support,1,1,STATE_TRANSDANUBIA,2356492,1,99,no_cap,bg_heavy_industry,STATE_CENTRAL_HUNGARY,state_regions/02_east_europe.txt
HUN,building_logging_camp,support,1,1,STATE_TRANSDANUBIA,2356492,1,4,capped_resources,bg_logging,STATE_CENTRAL_HUNGARY,state_regions/02_east_europe.txt
HUN,building_tooling_workshop,support,1,1,STATE_TRANSDANUBIA,2356492,1,99,no_cap,bg_light_industry,STATE_CENTRAL_HUNGARY,state_regions/02_east_europe.txt
POR,building_fishing_wharf,champ,8,1,STATE_ENTRE_DOURO_E_MINHO,1203012,1,5,capped_resources,bg_fishing,STATE_ESTREMADURA,state_regions/01_south_europe.txt
POR,building_fishing_wharf,champ,8,2,STATE_BEIRA,1106122,1,2,capped_resources,bg_fishing,STATE_ESTREMADURA,state_regions/01_south_europe.txt
POR,building_fishing_wharf,champ,8,3,STATE_ESTREMADURA,791012,1,8,capped_resources,bg_fishing,STATE_ESTREMADURA,state_regions/01_south_europe.txt
POR,building_fishing_wharf,champ,8,4,STATE_ALENTEJO,457012,1,6,capped_resources,bg_fishing,STATE_ESTREMADURA,state_regions/01_south_europe.txt
POR,building_fishing_wharf,champ,8,5,STATE_BOMBAY,446391,1,26,capped_resources,bg_fishing,STATE_ESTREMADURA,state_regions/10_india.txt
POR,building_fishing_wharf,champ,8,6,STATE_ZAMBEZIA,388400,1,6,capped_resources,bg_fishing,STATE_ESTREMADURA,state_regions/04_subsaharan_africa.txt
POR,building_fishing_wharf,champ,8,7,STATE_GUANGDONG,347996,1,40,capped_resources,bg_fishing,STATE_ESTREMADURA,state_regions/11_east_asia.txt
POR,building_fishing_wharf,champ,8,8,STATE_MOCAMBIQUE,339992,1,8,capped_resources,bg_fishing,STATE_ESTREMADURA,state_regions/04_subsaharan_africa.txt
POR,building_vineyard,support,1,1,STATE_ENTRE_DOURO_E_MINHO,1203012,1,58,arable_land,bg_agriculture,STATE_ESTREMADURA,state_regions/01_south_europe.txt
POR,building_logging_camp,support,1,1,STATE_ENTRE_DOURO_E_MINHO,1203012,1,7,capped_resources,bg_logging,STATE_ESTREMADURA,state_regions/01_south_europe.txt
POR,building_furniture_manufactory,support,1,1,STATE_ENTRE_DOURO_E_MINHO,1203012,1,99,no_cap,bg_light_industry,STATE_ESTREMADURA,state_regions/01_south_europe.txt
POR,building_food_industry,support,1,1,STATE_ENTRE_DOURO_E_MINHO,1203012,1,99,no_cap,bg_light_industry,STATE_ESTREMADURA,state_regions/01_south_europe.txt
POR,building_tooling_workshop,support,1,1,STATE_ENTRE_DOURO_E_MINHO,1203012,1,99,no_cap,bg_light_industry,STATE_ESTREMADURA,state_regions/01_south_europe.txt
POR,building_iron_mine,support,1,1,STATE_ENTRE_DOURO_E_MINHO,1203012,1,24,capped_resources,bg_mining,STATE_ESTREMADURA,state_regions/01_south_europe.txt
SIC,building_sulfur_mine,champ,8,1,STATE_SICILY,1647596,8,98,capped_resources,?,STATE_CAMPANIA,state_regions/01_south_europe.txt
SIC,building_cotton_plantation,support,1,1,STATE_CAMPANIA,2557396,1,85,arable_land,bg_plantations,STATE_CAMPANIA,state_regions/01_south_europe.txt
SIC,building_fishing_wharf,support,1,1,STATE_CAMPANIA,2557396,1,10,capped_resources,bg_fishing,STATE_CAMPANIA,state_regions/01_south_europe.txt
SIC,building_vineyard,support,1,1,STATE_CAMPANIA,2557396,1,85,arable_land,bg_agriculture,STATE_CAMPANIA,state_regions/01_south_europe.txt
SIC,building_food_industry,support,1,1,STATE_CAMPANIA,2557396,1,99,no_cap,bg_light_industry,STATE_CAMPANIA,state_regions/01_south_europe.txt
SIC,building_textile_mill,support,1,1,STATE_CAMPANIA,2557396,1,99,no_cap,bg_light_industry,STATE_CAMPANIA,state_regions/01_south_europe.txt
SIC,building_silk_plantation,support,1,1,STATE_CAMPANIA,2557396,1,85,arable_land,bg_plantations,STATE_CAMPANIA,state_regions/01_south_europe.txt
NET,building_textile_mill,champ,8,1,STATE_HOLLAND,1239464,2,99,no_cap,bg_light_industry,STATE_HOLLAND,state_regions/00_west_europe.txt
NET,building_textile_mill,champ,8,2,STATE_GELRE,727219,2,99,no_cap,bg_light_industry,STATE_HOLLAND,state_regions/00_west_europe.txt
NET,building_textile_mill,champ,8,3,STATE_FRIESLAND,674072,1,99,no_cap,bg_light_industry,STATE_HOLLAND,state_regions/00_west_europe.txt
NET,building_textile_mill,champ,8,4,STATE_GUAYANA,56428,1,99,no_cap,bg_light_industry,STATE_HOLLAND,state_regions/07_south_america.txt
NET,building_textile_mill,champ,8,5,STATE_GOLD_COAST,54744,1,99,no_cap,bg_light_industry,STATE_HOLLAND,state_regions/04_subsaharan_africa.txt
NET,building_textile_mill,champ,8,6,STATE_WEST_INDIES,20838,1,99,no_cap,bg_light_industry,STATE_HOLLAND,state_regions/06_central_america.txt
NET,building_furniture_manufactory,support,1,1,STATE_HOLLAND,1239464,1,99,no_cap,bg_light_industry,STATE_HOLLAND,state_regions/00_west_europe.txt
NET,building_sugar_plantation,support,1,1,STATE_GUAYANA,56428,1,29,arable_land,bg_plantations,STATE_HOLLAND,state_regions/07_south_america.txt
NET,building_food_industry,support,1,1,STATE_HOLLAND,1239464,1,99,no_cap,bg_light_industry,STATE_HOLLAND,state_regions/00_west_europe.txt
NET,building_steel_mill,support,1,1,STATE_HOLLAND,1239464,1,99,no_cap,bg_heavy_industry,STATE_HOLLAND,state_regions/00_west_europe.txt
NET,building_tooling_workshop,support,1,1,STATE_HOLLAND,1239464,1,99,no_cap,bg_light_industry,STATE_HOLLAND,state_regions/00_west_europe.txt
NET,building_glassworks,support,1,1,STATE_HOLLAND,1239464,1,99,no_cap,bg_light_industry,STATE_HOLLAND,state_regions/00_west_europe.txt
SOK,building_millet_farm,champ,8,1,STATE_EAST_HAUSALAND,2405378,2,136,arable_land,bg_staple_crops,STATE_HAUSALAND,state_regions/04_subsaharan_africa.txt
SOK,building_millet_farm,champ,8,2,STATE_HAUSALAND,1465304,2,108,arable_land,bg_staple_crops,STATE_HAUSALAND,state_regions/04_subsaharan_africa.txt
SOK,building_millet_farm,champ,8,3,STATE_NORTH_CAMEROON,794172,2,69,arable_land,bg_staple_crops,STATE_HAUSALAND,state_regions/04_subsaharan_africa.txt
SOK,building_millet_farm,champ,8,4,STATE_NIGERIA,576308,1,60,arable_land,bg_staple_crops,STATE_HAUSALAND,state_regions/04_subsaharan_africa.txt
SOK,building_millet_farm,champ,8,5,STATE_OUTER_HAUSALAND,187159,1,58,arable_land,bg_staple_crops,STATE_HAUSALAND,state_regions/04_subsaharan_africa.txt
SOK,building_livestock_ranch,support,1,1,STATE_EAST_HAUSALAND,2405378,1,136,arable_land,bg_ranching,STATE_HAUSALAND,state_regions/04_subsaharan_africa.txt
SOK,building_banana_plantation,support,1,1,STATE_EAST_HAUSALAND,2405378,1,136,arable_land,bg_plantations,STATE_HAUSALAND,state_regions/04_subsaharan_africa.txt
SOK,building_tobacco_plantation,support,1,1,STATE_EAST_HAUSALAND,2405378,1,136,arable_land,bg_plantations,STATE_HAUSALAND,state_regions/04_subsaharan_africa.txt
SOK,building_coffee_plantation,support,1,1,STATE_EAST_HAUSALAND,2405378,1,136,arable_land,bg_plantations,STATE_HAUSALAND,state_regions/04_subsaharan_africa.txt
SOK,building_food_industry,support,1,1,STATE_EAST_HAUSALAND,2405378,1,99,no_cap,bg_light_industry,STATE_HAUSALAND,state_regions/04_subsaharan_africa.txt
SOK,building_logging_camp,support,1,1,STATE_EAST_HAUSALAND,2405378,1,16,capped_resources,bg_logging,STATE_HAUSALAND,state_regions/04_subsaharan_africa.txt
SOK,building_cotton_plantation,support,1,1,STATE_EAST_HAUSALAND,2405378,1,136,arable_land,bg_plantations,STATE_HAUSALAND,state_regions/04_subsaharan_africa.txt
SAR,building_cotton_plantation,champ,8,1,STATE_PIEDMONT,2463988,2,88,arable_land,bg_plantations,STATE_PIEDMONT,state_regions/01_south_europe.txt
SAR,building_cotton_plantation,champ,8,2,STATE_SARDINIA,524084,2,14,arable_land,bg_plantations,STATE_PIEDMONT,state_regions/01_south_europe.txt
SAR,building_cotton_plantation,champ,8,3,STATE_SAVOY,468800,2,20,arable_land,bg_plantations,STATE_PIEDMONT,state_regions/01_south_europe.txt
SAR,building_cotton_plantation,champ,8,4,STATE_PROVENCE,172200,2,58,arable_land,bg_plantations,STATE_PIEDMONT,state_regions/00_west_europe.txt
SAR,building_tooling_workshop,support,1,1,STATE_PIEDMONT,2463988,1,99,no_cap,bg_light_industry,STATE_PIEDMONT,state_regions/01_south_europe.txt
SAR,building_vineyard,support,1,1,STATE_PIEDMONT,2463988,1,88,arable_land,bg_agriculture,STATE_PIEDMONT,state_regions/01_south_europe.txt
SAR,building_sugar_plantation,support,1,,NO_ELIGIBLE_STATE,,,,,bg_plantations,,
SAR,building_food_industry,support,1,1,STATE_PIEDMONT,2463988,1,99,no_cap,bg_light_industry,STATE_PIEDMONT,state_regions/01_south_europe.txt
SAR,building_steel_mill,support,1,1,STATE_PIEDMONT,2463988,1,99,no_cap,bg_heavy_industry,STATE_PIEDMONT,state_regions/01_south_europe.txt
SAR,building_silk_plantation,support,1,1,STATE_PROVENCE,172200,1,58,arable_land,bg_plantations,STATE_PIEDMONT,state_regions/00_west_europe.txt
SWE,building_iron_mine,champ,8,1,STATE_SVEALAND,1114208,3,59,capped_resources,bg_mining,STATE_SVEALAND,state_regions/00_west_europe.txt
SWE,building_iron_mine,champ,8,2,STATE_GOTALAND,809308,3,34,capped_resources,bg_mining,STATE_SVEALAND,state_regions/00_west_europe.txt
SWE,building_iron_mine,champ,8,3,STATE_NORRLAND,327400,2,99,capped_resources,bg_mining,STATE_SVEALAND,state_regions/00_west_europe.txt
SWE,building_coal_mine,support,1,1,STATE_GOTALAND,809308,1,7,capped_resources,bg_mining,STATE_SVEALAND,state_regions/00_west_europe.txt
SWE,building_fishing_wharf,support,1,1,STATE_SVEALAND,1114208,1,10,capped_resources,bg_fishing,STATE_SVEALAND,state_regions/00_west_europe.txt
SWE,building_food_industry,support,1,1,STATE_SVEALAND,1114208,1,99,no_cap,bg_light_industry,STATE_SVEALAND,state_regions/00_west_europe.txt
SWE,building_furniture_manufactory,support,1,1,STATE_SVEALAND,1114208,1,99,no_cap,bg_light_industry,STATE_SVEALAND,state_regions/00_west_europe.txt
SWE,building_paper_mill,support,1,1,STATE_SVEALAND,1114208,1,99,no_cap,bg_light_industry,STATE_SVEALAND,state_regions/00_west_europe.txt
SWE,building_tooling_workshop,support,1,1,STATE_SVEALAND,1114208,1,99,no_cap,bg_light_industry,STATE_SVEALAND,state_regions/00_west_europe.txt
HYD,building_paper_mill,champ,6,1,STATE_HYDERABAD,8549837,3,99,no_cap,bg_light_industry,STATE_HYDERABAD,state_regions/10_india.txt
HYD,building_paper_mill,champ,6,2,STATE_CENTRAL_PROVINCES,2305617,3,99,no_cap,bg_light_industry,STATE_HYDERABAD,state_regions/10_india.txt
HYD,building_logging_camp,support,1,1,STATE_HYDERABAD,8549837,1,71,capped_resources,bg_logging,STATE_HYDERABAD,state_regions/10_india.txt
HYD,building_rice_farm,support,1,1,STATE_HYDERABAD,8549837,1,745,arable_land,bg_staple_crops,STATE_HYDERABAD,state_regions/10_india.txt
HYD,building_iron_mine,support,1,1,STATE_HYDERABAD,8549837,1,4,capped_resources,bg_mining,STATE_HYDERABAD,state_regions/10_india.txt
HYD,building_cotton_plantation,support,1,1,STATE_HYDERABAD,8549837,1,745,arable_land,bg_plantations,STATE_HYDERABAD,state_regions/10_india.txt
HYD,building_food_industry,support,1,1,STATE_HYDERABAD,8549837,1,99,no_cap,bg_light_industry,STATE_HYDERABAD,state_regions/10_india.txt
HYD,building_silk_plantation,support,1,1,STATE_HYDERABAD,8549837,1,745,arable_land,bg_plantations,STATE_HYDERABAD,state_regions/10_india.txt
GRE,building_vineyard,champ,6,1,STATE_ATTICA,637592,2,21,arable_land,bg_agriculture,STATE_ATTICA,state_regions/01_south_europe.txt
GRE,building_vineyard,champ,6,2,STATE_PELOPONNESE,221996,2,10,arable_land,bg_agriculture,STATE_ATTICA,state_regions/01_south_europe.txt
GRE,building_vineyard,champ,6,3,STATE_WEST_AEGEAN_ISLANDS,80404,2,5,arable_land,bg_agriculture,STATE_ATTICA,state_regions/01_south_europe.txt
GRE,building_cotton_plantation,support,1,1,STATE_ATTICA,637592,1,21,arable_land,bg_plantations,STATE_ATTICA,state_regions/01_south_europe.txt
GRE,building_tobacco_plantation,support,1,1,STATE_ATTICA,637592,1,21,arable_land,bg_plantations,STATE_ATTICA,state_regions/01_south_europe.txt
GRE,building_tooling_workshop,support,1,1,STATE_ATTICA,637592,1,99,no_cap,bg_light_industry,STATE_ATTICA,state_regions/01_south_europe.txt
GRE,building_fishing_wharf,support,1,1,STATE_ATTICA,637592,1,7,capped_resources,bg_fishing,STATE_ATTICA,state_regions/01_south_europe.txt
GRE,building_food_industry,support,1,1,STATE_ATTICA,637592,1,99,no_cap,bg_light_industry,STATE_ATTICA,state_regions/01_south_europe.txt
GRE,building_textile_mill,support,1,1,STATE_ATTICA,637592,1,99,no_cap,bg_light_industry,STATE_ATTICA,state_regions/01_south_europe.txt
DAI,building_fishing_wharf,champ,6,1,STATE_ANNAM,2406625,2,13,capped_resources,bg_fishing,STATE_ANNAM,state_regions/11_east_asia.txt
DAI,building_fishing_wharf,champ,6,2,STATE_TONKIN,2314544,2,7,capped_resources,bg_fishing,STATE_ANNAM,state_regions/11_east_asia.txt
DAI,building_fishing_wharf,champ,6,3,STATE_MEKONG,1757188,2,15,capped_resources,bg_fishing,STATE_ANNAM,state_regions/11_east_asia.txt
DAI,building_livestock_ranch,support,1,1,STATE_ANNAM,2406625,1,56,arable_land,bg_ranching,STATE_ANNAM,state_regions/11_east_asia.txt
DAI,building_logging_camp,support,1,1,STATE_ANNAM,2406625,1,16,capped_resources,bg_logging,STATE_ANNAM,state_regions/11_east_asia.txt
DAI,building_tea_plantation,support,1,1,STATE_ANNAM,2406625,1,56,arable_land,bg_plantations,STATE_ANNAM,state_regions/11_east_asia.txt
DAI,building_opium_plantation,support,1,1,STATE_TONKIN,2314544,1,58,arable_land,bg_plantations,STATE_ANNAM,state_regions/11_east_asia.txt
DAI,building_coffee_plantation,support,1,1,STATE_ANNAM,2406625,1,56,arable_land,bg_plantations,STATE_ANNAM,state_regions/11_east_asia.txt
DAI,building_silk_plantation,support,1,1,STATE_ANNAM,2406625,1,56,arable_land,bg_plantations,STATE_ANNAM,state_regions/11_east_asia.txt
NEP,building_logging_camp,champ,6,1,STATE_HIMALAYAS,4242426,6,88,capped_resources,bg_logging,STATE_HIMALAYAS,state_regions/09_central_asia.txt
NEP,building_food_industry,support,1,1,STATE_HIMALAYAS,4242426,1,99,no_cap,bg_light_industry,STATE_HIMALAYAS,state_regions/09_central_asia.txt
NEP,building_furniture_manufactory,support,1,1,STATE_HIMALAYAS,4242426,1,99,no_cap,bg_light_industry,STATE_HIMALAYAS,state_regions/09_central_asia.txt
NEP,building_textile_mill,support,1,1,STATE_HIMALAYAS,4242426,1,99,no_cap,bg_light_industry,STATE_HIMALAYAS,state_regions/09_central_asia.txt
NEP,building_glassworks,support,1,1,STATE_HIMALAYAS,4242426,1,99,no_cap,bg_light_industry,STATE_HIMALAYAS,state_regions/09_central_asia.txt
NEP,building_rice_farm,support,1,1,STATE_HIMALAYAS,4242426,1,109,arable_land,bg_staple_crops,STATE_HIMALAYAS,state_regions/09_central_asia.txt
NEP,building_tea_plantation,support,1,1,STATE_HIMALAYAS,4242426,1,109,arable_land,bg_plantations,STATE_HIMALAYAS,state_regions/09_central_asia.txt
NEP,building_tobacco_plantation,support,1,1,STATE_HIMALAYAS,4242426,1,109,arable_land,bg_plantations,STATE_HIMALAYAS,state_regions/09_central_asia.txt
CLM,building_coffee_plantation,champ,6,1,STATE_ANTIOQUIA,537812,2,116,arable_land,bg_plantations,STATE_CUNDINAMARCA,state_regions/07_south_america.txt
CLM,building_coffee_plantation,champ,6,2,STATE_CUNDINAMARCA,527600,1,47,arable_land,bg_plantations,STATE_CUNDINAMARCA,state_regions/07_south_america.txt
CLM,building_coffee_plantation,champ,6,3,STATE_CAUCA,284400,1,79,arable_land,bg_plantations,STATE_CUNDINAMARCA,state_regions/07_south_america.txt
CLM,building_coffee_plantation,champ,6,4,STATE_GUAVIARE,128392,1,59,arable_land,bg_plantations,STATE_CUNDINAMARCA,state_regions/07_south_america.txt
CLM,building_coffee_plantation,champ,6,5,STATE_PANAMA,128192,1,19,arable_land,bg_plantations,STATE_CUNDINAMARCA,state_regions/06_central_america.txt
CLM,building_tobacco_plantation,support,1,1,STATE_ANTIOQUIA,537812,1,116,arable_land,bg_plantations,STATE_CUNDINAMARCA,state_regions/07_south_america.txt
CLM,building_sugar_plantation,support,1,1,STATE_ANTIOQUIA,537812,1,116,arable_land,bg_plantations,STATE_CUNDINAMARCA,state_regions/07_south_america.txt
CLM,building_iron_mine,support,1,1,STATE_ANTIOQUIA,537812,1,36,capped_resources,bg_mining,STATE_CUNDINAMARCA,state_regions/07_south_america.txt
CLM,building_food_industry,support,1,1,STATE_ANTIOQUIA,537812,1,99,no_cap,bg_light_industry,STATE_CUNDINAMARCA,state_regions/07_south_america.txt
CLM,building_fishing_wharf,support,1,1,STATE_ANTIOQUIA,537812,1,7,capped_resources,bg_fishing,STATE_CUNDINAMARCA,state_regions/07_south_america.txt
CLM,building_dye_plantation,support,1,1,STATE_CUNDINAMARCA,527600,1,47,arable_land,bg_plantations,STATE_CUNDINAMARCA,state_regions/07_south_america.txt
ARG,building_livestock_ranch,champ,6,1,STATE_BUENOS_AIRES,242600,1,697,arable_land,bg_ranching,STATE_BUENOS_AIRES,state_regions/07_south_america.txt
ARG,building_livestock_ranch,champ,6,2,STATE_LA_PAMPA,176000,1,149,arable_land,bg_ranching,STATE_BUENOS_AIRES,state_regions/07_south_america.txt
ARG,building_livestock_ranch,champ,6,3,STATE_CORRIENTES,156192,1,117,arable_land,bg_ranching,STATE_BUENOS_AIRES,state_regions/07_south_america.txt
ARG,building_livestock_ranch,champ,6,4,STATE_SANTA_FE,96008,1,79,arable_land,bg_ranching,STATE_BUENOS_AIRES,state_regions/07_south_america.txt
ARG,building_livestock_ranch,champ,6,5,STATE_TUCUMAN,79008,1,120,arable_land,bg_ranching,STATE_BUENOS_AIRES,state_regions/07_south_america.txt
ARG,building_livestock_ranch,champ,6,6,STATE_CHACO,37504,1,59,arable_land,bg_ranching,STATE_BUENOS_AIRES,state_regions/07_south_america.txt
ARG,building_tobacco_plantation,support,1,1,STATE_CORRIENTES,156192,1,117,arable_land,bg_plantations,STATE_BUENOS_AIRES,state_regions/07_south_america.txt
ARG,building_tooling_workshop,support,1,1,STATE_BUENOS_AIRES,242600,1,99,no_cap,bg_light_industry,STATE_BUENOS_AIRES,state_regions/07_south_america.txt
ARG,building_cotton_plantation,support,1,1,STATE_CHACO,37504,1,59,arable_land,bg_plantations,STATE_BUENOS_AIRES,state_regions/07_south_america.txt
ARG,building_paper_mill,support,1,1,STATE_BUENOS_AIRES,242600,1,99,no_cap,bg_light_industry,STATE_BUENOS_AIRES,state_regions/07_south_america.txt
ARG,building_food_industry,support,1,1,STATE_BUENOS_AIRES,242600,1,99,no_cap,bg_light_industry,STATE_BUENOS_AIRES,state_regions/07_south_america.txt
ARG,building_fishing_wharf,support,1,1,STATE_BUENOS_AIRES,242600,1,32,capped_resources,bg_fishing,STATE_BUENOS_AIRES,state_regions/07_south_america.txt
SIA,building_fishing_wharf,champ,4,1,STATE_BANGKOK,1718404,1,6,capped_resources,bg_fishing,STATE_BANGKOK,state_regions/11_east_asia.txt
SIA,building_fishing_wharf,champ,4,2,STATE_NAKHON_RATCHASIMA,1182312,1,6,capped_resources,bg_fishing,STATE_BANGKOK,state_regions/11_east_asia.txt
SIA,building_fishing_wharf,champ,4,3,STATE_TENASSERIM,348700,1,12,capped_resources,bg_fishing,STATE_BANGKOK,state_regions/10_india.txt
SIA,building_fishing_wharf,champ,4,4,STATE_MALAYA,264800,1,9,capped_resources,bg_fishing,STATE_BANGKOK,state_regions/12_indonesia.txt
SIA,building_tea_plantation,support,1,1,STATE_BANGKOK,1718404,1,46,arable_land,bg_plantations,STATE_BANGKOK,state_regions/11_east_asia.txt
SIA,building_logging_camp,support,1,1,STATE_BANGKOK,1718404,1,16,capped_resources,bg_logging,STATE_BANGKOK,state_regions/11_east_asia.txt
SIA,building_cotton_plantation,support,1,1,STATE_BANGKOK,1718404,1,46,arable_land,bg_plantations,STATE_BANGKOK,state_regions/11_east_asia.txt
SIA,building_rice_farm,support,1,1,STATE_BANGKOK,1718404,1,46,arable_land,bg_staple_crops,STATE_BANGKOK,state_regions/11_east_asia.txt
SIA,building_food_industry,support,1,1,STATE_BANGKOK,1718404,1,99,no_cap,bg_light_industry,STATE_BANGKOK,state_regions/11_east_asia.txt
SIA,building_furniture_manufactory,support,1,1,STATE_BANGKOK,1718404,1,99,no_cap,bg_light_industry,STATE_BANGKOK,state_regions/11_east_asia.txt
MOR,building_cotton_plantation,champ,4,1,STATE_FEZ,1127204,2,67,arable_land,bg_plantations,STATE_FEZ,state_regions/03_north_africa.txt
MOR,building_cotton_plantation,champ,4,2,STATE_MARRAKECH,1029196,1,58,arable_land,bg_plantations,STATE_FEZ,state_regions/03_north_africa.txt
MOR,building_cotton_plantation,champ,4,3,STATE_AL_RIF,492788,1,48,arable_land,bg_plantations,STATE_FEZ,state_regions/03_north_africa.txt
MOR,building_livestock_ranch,support,1,1,STATE_FEZ,1127204,1,67,arable_land,bg_ranching,STATE_FEZ,state_regions/03_north_africa.txt
MOR,building_tooling_workshop,support,1,1,STATE_FEZ,1127204,1,99,no_cap,bg_light_industry,STATE_FEZ,state_regions/03_north_africa.txt
MOR,building_wheat_farm,support,1,1,STATE_FEZ,1127204,1,67,arable_land,bg_staple_crops,STATE_FEZ,state_regions/03_north_africa.txt
MOR,building_fishing_wharf,support,1,1,STATE_FEZ,1127204,1,3,capped_resources,bg_fishing,STATE_FEZ,state_regions/03_north_africa.txt
MOR,building_food_industry,support,1,1,STATE_FEZ,1127204,1,99,no_cap,bg_light_industry,STATE_FEZ,state_regions/03_north_africa.txt
MOR,building_vineyard,support,1,1,STATE_MARRAKECH,1029196,1,58,arable_land,bg_agriculture,STATE_FEZ,state_regions/03_north_africa.txt
OMA,building_coffee_plantation,champ,4,1,STATE_ZANZIBAR,1176200,2,67,arable_land,bg_plantations,STATE_OMAN,state_regions/04_subsaharan_africa.txt
OMA,building_coffee_plantation,champ,4,2,STATE_OMAN,234000,1,10,arable_land,bg_plantations,STATE_OMAN,state_regions/08_middle_east.txt
OMA,building_coffee_plantation,champ,4,3,STATE_KENYA,60900,1,78,arable_land,bg_plantations,STATE_OMAN,state_regions/04_subsaharan_africa.txt
OMA,building_fishing_wharf,support,1,1,STATE_ZANZIBAR,1176200,1,20,capped_resources,bg_fishing,STATE_OMAN,state_regions/04_subsaharan_africa.txt
OMA,building_wheat_farm,support,1,1,STATE_LARISTAN,64230,1,49,arable_land,bg_staple_crops,STATE_OMAN,state_regions/08_middle_east.txt
OMA,building_textile_mill,support,1,1,STATE_ZANZIBAR,1176200,1,99,no_cap,bg_light_industry,STATE_OMAN,state_regions/04_subsaharan_africa.txt
OMA,building_furniture_manufactory,support,1,1,STATE_ZANZIBAR,1176200,1,99,no_cap,bg_light_industry,STATE_OMAN,state_regions/04_subsaharan_africa.txt
OMA,building_cotton_plantation,support,1,1,STATE_ZANZIBAR,1176200,1,67,arable_land,bg_plantations,STATE_OMAN,state_regions/04_subsaharan_africa.txt
OMA,building_sugar_plantation,support,1,1,STATE_ZANZIBAR,1176200,1,67,arable_land,bg_plantations,STATE_OMAN,state_regions/04_subsaharan_africa.txt
SHW,building_coffee_plantation,champ,4,1,STATE_OROMIA,676898,4,155,arable_land,bg_plantations,STATE_OROMIA,state_regions/04_subsaharan_africa.txt
SHW,building_tobacco_plantation,support,1,1,STATE_OROMIA,676898,1,155,arable_land,bg_plantations,STATE_OROMIA,state_regions/04_subsaharan_africa.txt
SHW,building_millet_farm,support,1,1,STATE_OROMIA,676898,1,155,arable_land,bg_staple_crops,STATE_OROMIA,state_regions/04_subsaharan_africa.txt
SHW,building_cotton_plantation,support,1,1,STATE_OROMIA,676898,1,155,arable_land,bg_plantations,STATE_OROMIA,state_regions/04_subsaharan_africa.txt
SHW,building_sugar_plantation,support,1,1,STATE_OROMIA,676898,1,155,arable_land,bg_plantations,STATE_OROMIA,state_regions/04_subsaharan_africa.txt
SHW,building_tea_plantation,support,1,1,STATE_OROMIA,676898,1,155,arable_land,bg_plantations,STATE_OROMIA,state_regions/04_subsaharan_africa.txt
SHW,building_dye_plantation,support,1,1,STATE_OROMIA,676898,1,155,arable_land,bg_plantations,STATE_OROMIA,state_regions/04_subsaharan_africa.txt
SAF,building_livestock_ranch,champ,4,1,STATE_CAPE_COLONY,436304,2,49,arable_land,bg_ranching,STATE_CAPE_COLONY,state_regions/04_subsaharan_africa.txt
SAF,building_livestock_ranch,champ,4,2,STATE_EASTERN_CAPE,116196,1,59,arable_land,bg_ranching,STATE_CAPE_COLONY,state_regions/04_subsaharan_africa.txt
SAF,building_livestock_ranch,champ,4,3,STATE_NORTHERN_CAPE,73000,1,39,arable_land,bg_ranching,STATE_CAPE_COLONY,state_regions/04_subsaharan_africa.txt
SAF,building_logging_camp,support,1,1,STATE_CAPE_COLONY,436304,1,5,capped_resources,bg_logging,STATE_CAPE_COLONY,state_regions/04_subsaharan_africa.txt
SAF,building_fishing_wharf,support,1,1,STATE_CAPE_COLONY,436304,1,9,capped_resources,bg_fishing,STATE_CAPE_COLONY,state_regions/04_subsaharan_africa.txt
SAF,building_furniture_manufactory,support,1,1,STATE_CAPE_COLONY,436304,1,99,no_cap,bg_light_industry,STATE_CAPE_COLONY,state_regions/04_subsaharan_africa.txt
SAF,building_textile_mill,support,1,1,STATE_CAPE_COLONY,436304,1,99,no_cap,bg_light_industry,STATE_CAPE_COLONY,state_regions/04_subsaharan_africa.txt
SAF,building_wheat_farm,support,1,1,STATE_CAPE_COLONY,436304,1,49,arable_land,bg_staple_crops,STATE_CAPE_COLONY,state_regions/04_subsaharan_africa.txt
SAF,building_cotton_plantation,support,1,1,STATE_CAPE_COLONY,436304,1,49,arable_land,bg_plantations,STATE_CAPE_COLONY,state_regions/04_subsaharan_africa.txt
PHI,building_sugar_plantation,champ,4,1,STATE_LUZON,1434456,2,75,arable_land,bg_plantations,STATE_LUZON,state_regions/12_indonesia.txt
PHI,building_sugar_plantation,champ,4,2,STATE_VISAYAS,1033743,2,64,arable_land,bg_plantations,STATE_LUZON,state_regions/12_indonesia.txt
PHI,building_tobacco_plantation,support,1,1,STATE_LUZON,1434456,1,75,arable_land,bg_plantations,STATE_LUZON,state_regions/12_indonesia.txt
PHI,building_rice_farm,support,1,1,STATE_LUZON,1434456,1,75,arable_land,bg_staple_crops,STATE_LUZON,state_regions/12_indonesia.txt
PHI,building_fishing_wharf,support,1,1,STATE_LUZON,1434456,1,12,capped_resources,bg_fishing,STATE_LUZON,state_regions/12_indonesia.txt
PHI,building_coffee_plantation,support,1,1,STATE_LUZON,1434456,1,75,arable_land,bg_plantations,STATE_LUZON,state_regions/12_indonesia.txt
PHI,building_cotton_plantation,support,1,1,STATE_LUZON,1434456,1,75,arable_land,bg_plantations,STATE_LUZON,state_regions/12_indonesia.txt
PHI,building_food_industry,support,1,1,STATE_LUZON,1434456,1,99,no_cap,bg_light_industry,STATE_LUZON,state_regions/12_indonesia.txt
BEL,building_steel_mill,champ,4,1,STATE_FLANDERS,2498620,2,99,no_cap,bg_heavy_industry,STATE_FLANDERS,state_regions/00_west_europe.txt
BEL,building_steel_mill,champ,4,2,STATE_WALLONIA,1483407,1,99,no_cap,bg_heavy_industry,STATE_FLANDERS,state_regions/00_west_europe.txt
BEL,building_steel_mill,champ,4,3,STATE_GELRE,165441,1,99,no_cap,bg_heavy_industry,STATE_FLANDERS,state_regions/00_west_europe.txt
BEL,building_tooling_workshop,support,1,1,STATE_FLANDERS,2498620,1,99,no_cap,bg_light_industry,STATE_FLANDERS,state_regions/00_west_europe.txt
BEL,building_explosives_factory,support,1,1,STATE_FLANDERS,2498620,1,99,no_cap,bg_heavy_industry,STATE_FLANDERS,state_regions/00_west_europe.txt
BEL,building_motor_industry,support,1,1,STATE_FLANDERS,2498620,1,99,no_cap,bg_heavy_industry,STATE_FLANDERS,state_regions/00_west_europe.txt
BEL,building_iron_mine,support,1,1,STATE_WALLONIA,1483407,1,58,capped_resources,bg_mining,STATE_FLANDERS,state_regions/00_west_europe.txt
BEL,building_coal_mine,support,1,1,STATE_WALLONIA,1483407,1,80,capped_resources,bg_mining,STATE_FLANDERS,state_regions/00_west_europe.txt
BEL,building_glassworks,support,1,1,STATE_FLANDERS,2498620,1,99,no_cap,bg_light_industry,STATE_FLANDERS,state_regions/00_west_europe.txt
BAV,building_vineyard,champ,4,1,STATE_FRANCONIA,1876192,2,78,arable_land,bg_agriculture,STATE_BAVARIA,state_regions/00_west_europe.txt
BAV,building_vineyard,champ,4,2,STATE_BAVARIA,1742004,1,64,arable_land,bg_agriculture,STATE_BAVARIA,state_regions/00_west_europe.txt
BAV,building_vineyard,champ,4,3,STATE_RHINELAND,557592,1,54,arable_land,bg_agriculture,STATE_BAVARIA,state_regions/00_west_europe.txt
BAV,building_chemical_plant,support,1,1,STATE_FRANCONIA,1876192,1,99,no_cap,bg_heavy_industry,STATE_BAVARIA,state_regions/00_west_europe.txt
BAV,building_paper_mill,support,1,1,STATE_FRANCONIA,1876192,1,99,no_cap,bg_light_industry,STATE_BAVARIA,state_regions/00_west_europe.txt
BAV,building_tooling_workshop,support,1,1,STATE_FRANCONIA,1876192,1,99,no_cap,bg_light_industry,STATE_BAVARIA,state_regions/00_west_europe.txt
BAV,building_furniture_manufactory,support,1,1,STATE_FRANCONIA,1876192,1,99,no_cap,bg_light_industry,STATE_BAVARIA,state_regions/00_west_europe.txt
BAV,building_food_industry,support,1,1,STATE_FRANCONIA,1876192,1,99,no_cap,bg_light_industry,STATE_BAVARIA,state_regions/00_west_europe.txt
BAV,building_wheat_farm,support,1,1,STATE_FRANCONIA,1876192,1,78,arable_land,bg_staple_crops,STATE_BAVARIA,state_regions/00_west_europe.txt
BUR,building_tea_plantation,champ,4,1,STATE_MANDALAY,1047934,2,44,arable_land,bg_plantations,STATE_MANDALAY,state_regions/10_india.txt
BUR,building_tea_plantation,champ,4,2,STATE_KACHIN,638171,1,38,arable_land,bg_plantations,STATE_MANDALAY,state_regions/10_india.txt
BUR,building_tea_plantation,champ,4,3,STATE_SHAN_STATES,468725,1,32,arable_land,bg_plantations,STATE_MANDALAY,state_regions/10_india.txt
BUR,building_opium_plantation,support,1,1,STATE_PEGU,1318644,1,38,arable_land,bg_plantations,STATE_MANDALAY,state_regions/10_india.txt
BUR,building_tobacco_plantation,support,1,1,STATE_PEGU,1318644,1,38,arable_land,bg_plantations,STATE_MANDALAY,state_regions/10_india.txt
BUR,building_logging_camp,support,1,1,STATE_PEGU,1318644,1,14,capped_resources,bg_logging,STATE_MANDALAY,state_regions/10_india.txt
BUR,building_cotton_plantation,support,1,1,STATE_MANDALAY,1047934,1,44,arable_land,bg_plantations,STATE_MANDALAY,state_regions/10_india.txt
BUR,building_rice_farm,support,1,1,STATE_PEGU,1318644,1,38,arable_land,bg_staple_crops,STATE_MANDALAY,state_regions/10_india.txt
BUR,building_fishing_wharf,support,1,1,STATE_PEGU,1318644,1,10,capped_resources,bg_fishing,STATE_MANDALAY,state_regions/10_india.txt
