tag,country,X,mkt,good,a,produced,bld_demand,pop_demand,demand,ratio,b,shortage,potential,prestige,identity_crop,distinctive_ind,staple_food,generic_mfg,eco_starter,excl_champ,company
CHI,China,10,yes,tea,194,3880.0,0.0,0.0,0.0,,0,0,0,1,1,0,0,0,0,0,1
CHI,China,10,yes,grain,108,3420.0,0.0,7973.0,7973.0,0.43,23,1,0,0,0,0,1,0,1,0,0
CHI,China,10,yes,wood,50,3280.0,5770.0,6137.3,11907.3,0.28,43,1,0,0,0,0,0,0,1,0,0
CHI,China,10,yes,paper,58,2320.0,2030.0,0.0,2030.0,1.14,0,0,0,0,0,0,0,1,0,0,0
CHI,China,10,yes,fruit,20,2179.0,0.0,0.0,0.0,,0,0,0,0,1,0,0,0,0,0,0
CHI,China,10,yes,furniture,40,1800.0,0.0,10503.6,10503.6,0.17,40,1,0,0,0,0,0,1,0,0,0
CHI,China,10,yes,glass,50,1500.0,0.0,0.0,0.0,,0,0,0,0,0,0,0,1,0,0,0
CHI,China,10,yes,dye,46,1380.0,250.0,0.0,250.0,5.52,0,0,0,0,1,0,0,0,0,0,0
CHI,China,10,yes,silk,86,1290.0,240.0,0.0,240.0,5.38,0,0,0,1,1,0,0,0,0,0,1
CHI,China,10,yes,luxury_furniture,0,1000.0,0.0,0.0,0.0,,0,0,0,0,0,0,0,0,0,0,0
CHI,China,10,yes,clothes,16,720.0,0.0,10503.6,10503.6,0.07,16,1,0,0,0,0,0,1,0,0,0
CHI,China,10,yes,fish,27,675.0,0.0,9380.0,9380.0,0.07,27,1,0,0,0,0,1,0,1,0,0
CHI,China,10,yes,porcelain,0,500.0,0.0,0.0,0.0,,0,0,0,1,0,0,0,0,0,0,1
CHI,China,10,yes,luxury_clothes,0,480.0,0.0,0.0,0.0,,0,0,0,0,0,0,0,0,0,0,0
CHI,China,10,yes,opium,21,420.0,0.0,0.0,0.0,,0,0,0,0,1,0,0,0,0,0,0
CHI,China,10,yes,meat,31,310.0,0.0,0.0,0.0,,0,0,0,0,0,0,1,0,0,0,0
CHI,China,10,yes,tools,4,240.0,280.0,0.0,280.0,0.86,0,0,0,0,0,1,0,0,1,0,0
CHI,China,10,yes,sugar,0,185.0,0.0,0.0,0.0,,0,0,0,0,1,0,0,0,0,0,0
CHI,China,10,yes,merchant_marine,0,171.0,160.0,0.0,160.0,1.07,0,0,0,0,0,0,0,0,0,1,0
CHI,China,10,yes,fabric,0,155.0,1250.0,5547.0,6797.0,0.02,2,1,1,0,0,0,0,0,1,0,0
CHI,China,10,yes,iron,7,140.0,145.0,0.0,145.0,0.97,0,0,0,0,0,0,0,0,1,0,0
CHI,China,10,yes,clippers,0,120.0,114.0,0.0,114.0,1.05,0,0,0,0,0,0,0,0,0,1,0
CHI,China,10,yes,small_arms,4,120.0,25.0,0.0,25.0,4.8,0,0,0,1,0,1,0,0,0,0,1
CHI,China,10,yes,wine,0,0.0,0.0,0.0,0.0,,0,0,1,0,1,0,0,0,0,0,0
CHI,China,10,yes,lead,0,0.0,0.0,0.0,0.0,,0,0,1,0,0,0,0,0,0,0,0
CHI,China,10,yes,groceries,0,0.0,0.0,10787.0,10787.0,0.0,2,1,0,0,0,0,0,1,0,0,0
CHI,China,10,yes,tobacco,0,0.0,0.0,0.0,0.0,,0,0,1,0,1,0,0,0,0,0,0
CHI,China,10,yes,coal,0,0.0,0.0,0.0,0.0,,0,0,1,0,0,0,0,0,0,0,0
CHI,China,10,yes,sulfur,0,0.0,0.0,0.0,0.0,,0,0,1,0,0,0,0,0,0,0,0
BIC,East India,10,yes,opium,73,1460.0,0.0,0.0,0.0,,0,0,0,0,1,0,0,0,0,0,0
BIC,East India,10,yes,clothes,30,1350.0,0.0,3168.3,3168.3,0.43,5,1,0,0,0,0,0,1,0,0,0
BIC,East India,10,yes,dye,43,1290.0,15.0,0.0,15.0,86.0,0,0,0,0,1,0,0,0,0,0,0
BIC,East India,10,yes,wood,21,840.0,890.0,1851.3,2741.3,0.31,9,1,0,0,0,0,0,0,1,0,0
BIC,East India,10,yes,luxury_clothes,0,810.0,0.0,0.0,0.0,,0,0,0,0,0,0,0,0,0,0,0
BIC,East India,10,yes,fabric,16,720.0,1405.0,1673.2,3078.2,0.23,13,1,0,0,0,0,0,0,1,0,0
BIC,East India,10,yes,tobacco,19,570.0,0.0,0.0,0.0,,0,0,0,0,1,0,0,0,0,0,0
BIC,East India,10,yes,fish,11,525.0,0.0,2829.4,2829.4,0.19,11,1,0,0,0,0,1,0,1,0,0
BIC,East India,10,yes,small_arms,11,330.0,0.0,0.0,0.0,,0,0,0,0,0,1,0,0,0,0,0
BIC,East India,10,yes,fruit,8,320.0,0.0,0.0,0.0,,0,0,0,0,1,0,0,0,0,0,0
BIC,East India,10,yes,silk,20,300.0,405.0,0.0,405.0,0.74,0,0,0,0,1,0,0,0,0,0,0
BIC,East India,10,yes,clippers,0,200.0,134.0,0.0,134.0,1.49,0,0,0,0,0,0,0,0,0,1,0
BIC,East India,10,yes,paper,4,160.0,430.0,0.0,430.0,0.37,2,1,0,0,0,0,0,1,0,0,0
BIC,East India,10,yes,furniture,3,155.0,0.0,3168.3,3168.3,0.05,3,1,0,0,0,0,0,1,0,0,0
BIC,East India,10,yes,merchant_marine,0,126.0,60.0,0.0,60.0,2.1,0,0,0,0,0,0,0,0,0,1,0
BIC,East India,10,yes,sugar,5,125.0,0.0,0.0,0.0,,0,0,0,0,1,0,0,0,0,0,0
BIC,East India,10,yes,iron,5,100.0,125.0,0.0,125.0,0.8,0,0,0,0,0,0,0,0,1,0,0
BIC,East India,10,yes,glass,3,90.0,0.0,0.0,0.0,,0,0,0,0,0,0,0,1,0,0,0
BIC,East India,10,yes,luxury_furniture,0,75.0,0.0,0.0,0.0,,0,0,0,0,0,0,0,0,0,0,0
BIC,East India,10,yes,coal,2,50.0,0.0,0.0,0.0,,0,0,0,0,0,0,0,0,0,0,0
BIC,East India,10,yes,tea,2,40.0,0.0,0.0,0.0,,0,0,0,1,1,0,0,0,0,0,1
BIC,East India,10,yes,porcelain,0,30.0,0.0,0.0,0.0,,0,0,0,0,0,0,0,0,0,0,0
BIC,East India,10,yes,artillery,1,25.0,0.0,0.0,0.0,,0,0,0,0,0,1,0,0,0,0,0
BIC,East India,10,yes,wine,0,0.0,0.0,0.0,0.0,,0,0,1,0,1,0,0,0,0,0,0
BIC,East India,10,yes,meat,0,0.0,0.0,0.0,0.0,,0,0,1,0,0,0,1,0,0,0,0
BIC,East India,10,yes,grain,0,0.0,0.0,2405.0,2405.0,0.0,2,1,1,1,0,0,1,0,1,0,1
BIC,East India,10,yes,sulfur,0,0.0,0.0,0.0,0.0,,0,0,1,0,0,0,0,0,0,0,0
BIC,East India,10,yes,tools,0,0.0,50.0,0.0,50.0,0.0,1,1,0,0,0,1,0,0,1,0,0
BIC,East India,10,yes,lead,0,0.0,0.0,0.0,0.0,,0,0,1,0,0,0,0,0,0,0,0
BIC,East India,10,yes,groceries,0,0.0,0.0,3253.8,3253.8,0.0,2,1,0,0,0,0,0,1,0,0,0
BIC,East India,10,yes,rubber,0,0.0,0.0,0.0,0.0,,0,0,1,0,0,0,0,0,0,1,0
BIC,East India,10,yes,coffee,2,0.0,0.0,0.0,0.0,,0,0,0,0,1,0,0,0,0,0,0
RUS,Russia,10,yes,wood,120,7790.0,2150.0,937.0,3087.0,2.52,0,0,0,0,0,0,0,0,1,0,0
RUS,Russia,10,yes,grain,179,3595.0,480.0,1217.3,1697.3,2.12,0,0,0,0,0,0,1,0,1,0,0
RUS,Russia,10,yes,liquor,0,710.0,0.0,0.0,0.0,,0,0,0,1,0,0,0,0,0,0,1
RUS,Russia,10,yes,tools,12,690.0,650.0,0.0,650.0,1.06,0,0,0,0,0,1,0,0,1,0,0
RUS,Russia,10,yes,clothes,13,585.0,0.0,1603.7,1603.7,0.36,5,1,0,1,0,0,0,1,0,0,1
RUS,Russia,10,yes,furniture,13,585.0,0.0,1603.7,1603.7,0.36,4,1,0,0,0,0,0,1,0,0,0
RUS,Russia,10,yes,paper,14,560.0,285.0,0.0,285.0,1.96,0,0,0,0,0,0,0,1,0,0,0
RUS,Russia,10,yes,groceries,12,540.0,0.0,1646.9,1646.9,0.33,6,1,0,0,0,0,0,1,0,0,0
RUS,Russia,10,yes,iron,20,400.0,380.0,0.0,380.0,1.05,0,0,0,1,0,0,0,0,1,0,1
RUS,Russia,10,yes,meat,38,380.0,0.0,0.0,0.0,,0,0,0,0,0,0,1,0,0,0,0
RUS,Russia,10,yes,clippers,0,320.0,54.0,0.0,54.0,5.93,0,0,0,0,0,0,0,0,0,1,0
RUS,Russia,10,yes,small_arms,10,300.0,30.0,0.0,30.0,10.0,0,0,0,1,0,1,0,0,0,0,1
RUS,Russia,10,yes,luxury_furniture,0,250.0,0.0,0.0,0.0,,0,0,0,0,0,0,0,0,0,0,0
RUS,Russia,10,yes,fabric,0,190.0,910.0,846.9,1756.9,0.11,2,1,1,0,0,0,0,0,1,0,0
RUS,Russia,10,yes,luxury_clothes,0,180.0,0.0,0.0,0.0,,0,0,0,0,0,0,0,0,0,0,0
RUS,Russia,10,yes,fish,6,150.0,0.0,1432.1,1432.1,0.1,6,1,0,0,0,0,1,0,1,0,0
RUS,Russia,10,yes,tobacco,5,150.0,0.0,0.0,0.0,,0,0,0,0,1,0,0,0,0,0,0
RUS,Russia,10,yes,wine,6,120.0,0.0,0.0,0.0,,0,0,0,0,1,0,0,0,0,0,0
RUS,Russia,10,yes,glass,3,90.0,0.0,0.0,0.0,,0,0,0,0,0,0,0,1,0,0,0
RUS,Russia,10,yes,merchant_marine,0,81.0,84.0,0.0,84.0,0.96,0,0,0,0,0,0,0,0,0,1,0
RUS,Russia,10,yes,tea,4,80.0,0.0,0.0,0.0,,0,0,0,0,1,0,0,0,0,0,0
RUS,Russia,10,yes,sugar,0,70.0,100.0,0.0,100.0,0.7,0,0,0,0,1,0,0,0,0,0,0
RUS,Russia,10,yes,artillery,2,50.0,0.0,0.0,0.0,,0,0,0,1,0,1,0,0,0,0,1
RUS,Russia,10,yes,fruit,0,43.0,0.0,0.0,0.0,,0,0,0,0,1,0,0,0,0,0,0
RUS,Russia,10,yes,porcelain,0,30.0,0.0,0.0,0.0,,0,0,0,0,0,0,0,0,0,0,0
RUS,Russia,10,yes,fine_art,0,5.0,0.0,0.0,0.0,,0,0,0,0,0,0,0,0,0,0,0
RUS,Russia,10,yes,coal,0,0.0,0.0,0.0,0.0,,0,0,1,0,0,0,0,0,0,0,0
RUS,Russia,10,yes,dye,0,0.0,15.0,0.0,15.0,0.0,1,1,0,0,1,0,0,0,0,0,0
RUS,Russia,10,yes,oil,0,0.0,0.0,0.0,0.0,,0,0,0,1,0,0,0,0,0,1,1
RUS,Russia,10,yes,sulfur,0,0.0,0.0,0.0,0.0,,0,0,1,0,0,0,0,0,0,0,0
RUS,Russia,10,yes,steel,0,0.0,0.0,0.0,0.0,,0,0,0,1,0,1,0,0,0,0,1
RUS,Russia,10,yes,lead,0,0.0,0.0,0.0,0.0,,0,0,1,0,0,0,0,0,0,0,0
RUS,Russia,10,yes,silk,0,0.0,90.0,0.0,90.0,0.0,2,1,1,0,1,0,0,0,0,0,0
FRA,France,9,yes,wood,32,2240.0,2451.0,579.3,3030.3,0.74,0,0,0,0,0,0,0,0,1,0,0
FRA,France,9,yes,grain,95,2140.0,590.0,752.6,1342.6,1.59,0,0,0,0,0,0,1,0,1,0,0
FRA,France,9,yes,clothes,29,1740.0,0.0,991.5,991.5,1.75,0,0,0,1,0,0,0,1,0,0,1
FRA,France,9,yes,wine,78,1560.0,0.0,0.0,0.0,,0,0,0,1,1,0,0,0,0,0,1
FRA,France,9,yes,paper,21,1470.0,1035.0,0.0,1035.0,1.42,0,0,0,0,0,0,0,1,0,0,0
FRA,France,9,yes,furniture,19,1235.0,0.0,991.5,991.5,1.25,0,0,0,0,0,0,0,1,0,0,0
FRA,France,9,yes,fish,16,775.0,0.0,885.4,885.4,0.88,0,0,0,0,0,0,1,0,1,0,0
FRA,France,9,yes,tools,8,640.0,697.0,0.0,697.0,0.92,0,0,0,0,0,1,0,0,1,0,0
FRA,France,9,yes,meat,26,625.0,0.0,0.0,0.0,,0,0,0,0,0,0,1,0,0,0,0
FRA,France,9,yes,groceries,9,585.0,0.0,1018.2,1018.2,0.57,0,0,0,0,0,0,0,1,0,0,0
FRA,France,9,yes,coal,13,520.0,174.0,0.0,174.0,2.99,0,0,0,0,0,0,0,0,0,0,0
FRA,France,9,yes,luxury_clothes,0,450.0,0.0,0.0,0.0,,0,0,0,1,0,0,0,0,0,0,1
FRA,France,9,yes,clippers,0,400.0,141.0,0.0,141.0,2.84,0,0,0,0,0,0,0,0,0,1,0
FRA,France,9,yes,fabric,0,360.0,1690.0,523.6,2213.6,0.16,2,1,1,0,0,0,0,0,1,0,0
FRA,France,9,yes,small_arms,10,300.0,25.0,0.0,25.0,12.0,0,0,0,1,0,1,0,0,0,0,1
FRA,France,9,yes,silk,18,270.0,225.0,0.0,225.0,1.2,0,0,0,0,1,0,0,0,0,0,0
FRA,France,9,yes,glass,6,240.0,0.0,0.0,0.0,,0,0,0,0,0,0,0,1,0,0,0
FRA,France,9,yes,iron,6,200.0,585.0,0.0,585.0,0.34,4,1,0,0,0,0,0,0,1,0,0
FRA,France,9,yes,liquor,0,180.0,0.0,0.0,0.0,,0,0,0,0,0,0,0,0,0,0,0
FRA,France,9,yes,sugar,5,172.0,210.0,0.0,210.0,0.82,0,0,0,0,1,0,0,0,0,0,0
FRA,France,9,yes,sulfur,4,160.0,230.0,0.0,230.0,0.7,0,0,0,0,0,0,0,0,0,0,0
FRA,France,9,yes,ammunition,3,150.0,0.0,0.0,0.0,,0,0,0,0,0,1,0,0,0,0,0
FRA,France,9,yes,steel,2,130.0,160.0,0.0,160.0,0.81,0,0,0,0,0,1,0,0,0,0,0
FRA,France,9,yes,luxury_furniture,0,125.0,0.0,0.0,0.0,,0,0,0,0,0,0,0,0,0,0,0
FRA,France,9,yes,lead,3,120.0,120.0,0.0,120.0,1.0,0,0,0,0,0,0,0,0,0,0,0
FRA,France,9,yes,merchant_marine,0,99.0,108.0,0.0,108.0,0.92,0,0,0,0,0,0,0,0,0,1,0
FRA,France,9,yes,transportation,0,60.0,0.0,0.0,0.0,,0,0,0,0,0,0,0,0,0,1,0
FRA,France,9,yes,tobacco,2,60.0,0.0,0.0,0.0,,0,0,0,0,1,0,0,0,0,0,0
FRA,France,9,yes,porcelain,0,60.0,0.0,0.0,0.0,,0,0,0,0,0,0,0,0,0,0,0
FRA,France,9,yes,fertilizer,0,57.5,140.0,0.0,140.0,0.41,1,1,0,0,0,0,0,1,0,0,0
FRA,France,9,yes,artillery,2,50.0,0.0,0.0,0.0,,0,0,0,1,0,1,0,0,0,0,1
FRA,France,9,yes,explosives,1,50.0,60.0,0.0,60.0,0.83,0,0,0,0,0,1,0,0,0,0,0
FRA,France,9,yes,fruit,0,49.0,0.0,0.0,0.0,,0,0,1,0,1,0,0,0,0,0,0
FRA,France,9,yes,dye,1,30.0,175.0,0.0,175.0,0.17,2,1,0,0,1,0,0,0,0,0,0
FRA,France,9,yes,fine_art,0,10.0,0.0,0.0,0.0,,0,0,0,0,0,0,0,0,0,0,0
FRA,France,9,yes,tea,0,0.0,0.0,0.0,0.0,,0,0,1,0,1,0,0,0,0,0,0
FRA,France,9,yes,engines,0,0.0,10.0,0.0,10.0,0.0,1,1,0,0,0,1,0,0,0,0,0
FRA,France,9,yes,rubber,0,0.0,0.0,0.0,0.0,,0,0,1,0,0,0,0,0,0,1,0
FRA,France,9,yes,coffee,2,0.0,0.0,0.0,0.0,,0,0,0,0,1,0,0,0,0,0,0
GBR,Great Britain,9,yes,clothes,57,3420.0,0.0,743.9,743.9,4.6,0,0,0,1,0,0,0,1,0,0,1
GBR,Great Britain,9,yes,coal,59,2360.0,406.0,0.0,406.0,5.81,0,0,0,0,0,0,0,0,0,0,0
GBR,Great Britain,9,yes,furniture,35,2275.0,0.0,743.9,743.9,3.06,0,0,0,0,0,0,0,1,0,0,0
GBR,Great Britain,9,yes,grain,70,2100.0,750.0,564.7,1314.7,1.6,0,0,0,0,0,0,1,0,1,0,0
GBR,Great Britain,9,yes,tools,21,1680.0,1325.0,0.0,1325.0,1.27,0,0,0,0,0,1,0,0,1,0,0
GBR,Great Britain,9,yes,fish,19,925.0,0.0,664.4,664.4,1.39,0,0,0,0,0,0,1,0,1,0,0
GBR,Great Britain,9,yes,luxury_furniture,0,875.0,0.0,0.0,0.0,,0,0,0,1,0,0,0,0,0,0,1
GBR,Great Britain,9,yes,groceries,12,780.0,0.0,764.0,764.0,1.02,0,0,0,1,0,0,0,1,0,0,1
GBR,Great Britain,9,yes,paper,10,700.0,795.0,0.0,795.0,0.88,0,0,0,0,0,0,0,1,0,0,0
GBR,Great Britain,9,yes,wood,10,700.0,3879.0,434.7,4313.7,0.16,10,1,0,0,0,0,0,0,1,0,0
GBR,Great Britain,9,yes,meat,29,695.0,0.0,0.0,0.0,,0,0,0,0,0,0,1,0,0,0,0
GBR,Great Britain,9,yes,clippers,0,680.0,286.0,0.0,286.0,2.38,0,0,0,0,0,0,0,0,0,1,0
GBR,Great Britain,9,yes,liquor,0,610.0,0.0,0.0,0.0,,0,0,0,0,0,0,0,0,0,0,0
GBR,Great Britain,9,yes,steel,8,520.0,510.0,0.0,510.0,1.02,0,0,0,1,0,1,0,0,0,0,1
GBR,Great Britain,9,yes,iron,12,480.0,945.0,0.0,945.0,0.51,0,0,0,0,0,0,0,0,1,0,0
GBR,Great Britain,9,yes,fabric,0,405.0,3150.0,392.9,3542.9,0.11,2,1,1,0,0,0,0,0,1,0,0
GBR,Great Britain,9,yes,luxury_clothes,0,390.0,0.0,0.0,0.0,,0,0,0,0,0,0,0,0,0,0,0
GBR,Great Britain,9,yes,transportation,0,390.0,0.0,0.0,0.0,,0,0,0,0,0,0,0,0,0,1,0
GBR,Great Britain,9,yes,sugar,13,325.0,380.0,0.0,380.0,0.86,0,0,0,0,1,0,0,0,0,0,0
GBR,Great Britain,9,yes,glass,7,280.0,0.0,0.0,0.0,,0,0,0,0,0,0,0,1,0,0,0
GBR,Great Britain,9,yes,merchant_marine,0,279.0,184.0,0.0,184.0,1.52,0,0,0,1,0,0,0,0,0,1,1
GBR,Great Britain,9,yes,fertilizer,2,247.5,370.0,0.0,370.0,0.67,0,0,0,0,0,0,0,1,0,0,0
GBR,Great Britain,9,yes,small_arms,7,210.0,55.0,0.0,55.0,3.82,0,0,0,0,0,1,0,0,0,0,0
GBR,Great Britain,9,yes,engines,3,120.0,65.0,0.0,65.0,1.85,0,0,0,0,0,1,0,0,0,0,0
GBR,Great Britain,9,yes,ammunition,2,100.0,0.0,0.0,0.0,,0,0,0,0,0,1,0,0,0,0,0
GBR,Great Britain,9,yes,lead,3,100.0,110.0,0.0,110.0,0.91,0,0,0,0,0,0,0,0,0,0,0
GBR,Great Britain,9,yes,fruit,2,80.0,0.0,0.0,0.0,,0,0,0,0,1,0,0,0,0,0,0
GBR,Great Britain,9,yes,porcelain,0,70.0,0.0,0.0,0.0,,0,0,0,0,0,0,0,0,0,0,0
GBR,Great Britain,9,yes,tobacco,2,60.0,0.0,0.0,0.0,,0,0,0,0,1,0,0,0,0,0,0
GBR,Great Britain,9,yes,artillery,2,50.0,0.0,0.0,0.0,,0,0,0,0,0,1,0,0,0,0,0
GBR,Great Britain,9,yes,explosives,1,50.0,40.0,0.0,40.0,1.25,0,0,0,0,0,1,0,0,0,0,0
GBR,Great Britain,9,yes,oil,0,40.0,0.0,0.0,0.0,,0,0,0,0,0,0,0,0,0,1,0
GBR,Great Britain,9,yes,fine_art,0,15.0,0.0,0.0,0.0,,0,0,0,0,0,0,0,0,0,0,0
GBR,Great Britain,9,yes,wine,0,0.0,0.0,0.0,0.0,,0,0,1,0,1,0,0,0,0,0,0
GBR,Great Britain,9,yes,tea,0,0.0,0.0,0.0,0.0,,0,0,1,0,1,0,0,0,0,0,0
GBR,Great Britain,9,yes,dye,0,0.0,320.0,0.0,320.0,0.0,2,1,1,0,1,0,0,0,0,0,0
GBR,Great Britain,9,yes,sulfur,0,0.0,180.0,0.0,180.0,0.0,2,1,1,0,0,0,0,0,0,0,0
GBR,Great Britain,9,yes,steamers,0,0.0,0.0,0.0,0.0,,0,0,0,1,0,0,0,0,0,1,1
GBR,Great Britain,9,yes,radios,0,0.0,0.0,0.0,0.0,,0,0,0,1,0,0,0,0,0,1,1
GBR,Great Britain,9,yes,rubber,0,0.0,0.0,0.0,0.0,,0,0,1,0,0,0,0,0,0,1,0
GBR,Great Britain,9,yes,coffee,7,0.0,0.0,0.0,0.0,,0,0,0,0,1,0,0,0,0,0,0
GBR,Great Britain,9,yes,silk,0,0.0,195.0,0.0,195.0,0.0,2,1,1,0,1,0,0,0,0,0,0
TUR,Ottomans,9,yes,wood,19,1260.0,970.0,321.5,1291.5,0.98,0,0,0,0,0,0,0,0,1,0,0
TUR,Ottomans,9,yes,tobacco,24,720.0,0.0,0.0,0.0,,0,0,0,0,1,0,0,0,0,0,0
TUR,Ottomans,9,yes,grain,32,685.0,40.0,417.7,457.7,1.5,0,0,0,1,0,0,1,0,1,0,1
TUR,Ottomans,9,yes,fish,25,625.0,0.0,491.4,491.4,1.27,0,0,0,0,0,0,1,0,1,0,0
TUR,Ottomans,9,yes,clothes,10,450.0,0.0,550.3,550.3,0.82,0,0,0,0,0,0,0,1,0,0,0
TUR,Ottomans,9,yes,tea,21,420.0,0.0,0.0,0.0,,0,0,0,0,1,0,0,0,0,0,0
TUR,Ottomans,9,yes,fabric,7,380.0,600.0,290.6,890.6,0.43,1,1,0,0,0,0,0,0,1,0,0
TUR,Ottomans,9,yes,furniture,7,315.0,0.0,550.3,550.3,0.57,0,0,0,0,0,0,0,1,0,0,0
TUR,Ottomans,9,yes,paper,6,240.0,190.0,0.0,190.0,1.26,0,0,0,0,0,0,0,1,0,0,0
TUR,Ottomans,9,yes,clippers,0,160.0,78.0,0.0,78.0,2.05,0,0,0,0,0,0,0,0,0,1,0
TUR,Ottomans,9,yes,meat,13,130.0,0.0,0.0,0.0,,0,0,0,0,0,0,1,0,0,0,0
TUR,Ottomans,9,yes,glass,4,120.0,0.0,0.0,0.0,,0,0,0,0,0,0,0,1,0,0,0
TUR,Ottomans,9,yes,iron,6,120.0,85.0,0.0,85.0,1.41,0,0,0,0,0,0,0,0,1,0,0
TUR,Ottomans,9,yes,tools,2,120.0,125.0,0.0,125.0,0.96,0,0,0,0,0,1,0,0,1,0,0
TUR,Ottomans,9,yes,merchant_marine,0,117.0,23.0,0.0,23.0,5.09,0,0,0,0,0,0,0,0,0,1,0
TUR,Ottomans,9,yes,luxury_furniture,0,100.0,0.0,0.0,0.0,,0,0,0,0,0,0,0,0,0,0,0
TUR,Ottomans,9,yes,luxury_clothes,0,90.0,0.0,0.0,0.0,,0,0,0,0,0,0,0,0,0,0,0
TUR,Ottomans,9,yes,wine,3,60.0,0.0,0.0,0.0,,0,0,0,0,1,0,0,0,0,0,0
TUR,Ottomans,9,yes,small_arms,2,60.0,10.0,0.0,10.0,6.0,0,0,0,0,0,1,0,0,0,0,0
TUR,Ottomans,9,yes,silk,4,60.0,45.0,0.0,45.0,1.33,0,0,0,0,1,0,0,0,0,0,0
TUR,Ottomans,9,yes,fruit,0,49.0,0.0,0.0,0.0,,0,0,1,0,1,0,0,0,0,0,0
TUR,Ottomans,9,yes,groceries,1,45.0,0.0,565.1,565.1,0.08,2,1,0,0,0,0,0,1,0,0,0
TUR,Ottomans,9,yes,porcelain,0,40.0,0.0,0.0,0.0,,0,0,0,0,0,0,0,0,0,0,0
TUR,Ottomans,9,yes,artillery,1,25.0,0.0,0.0,0.0,,0,0,0,0,0,1,0,0,0,0,0
TUR,Ottomans,9,yes,sugar,0,7.0,0.0,0.0,0.0,,0,0,0,0,1,0,0,0,0,0,0
TUR,Ottomans,9,yes,lead,0,0.0,0.0,0.0,0.0,,0,0,1,0,0,0,0,0,0,0,0
TUR,Ottomans,9,yes,opium,0,0.0,0.0,0.0,0.0,,0,0,1,0,1,0,0,0,0,0,0
TUR,Ottomans,9,yes,coal,0,0.0,0.0,0.0,0.0,,0,0,1,0,0,0,0,0,0,0,0
TUR,Ottomans,9,yes,dye,0,0.0,20.0,0.0,20.0,0.0,1,1,0,0,1,0,0,0,0,0,0
TUR,Ottomans,9,yes,sulfur,0,0.0,0.0,0.0,0.0,,0,0,1,0,0,0,0,0,0,0,0
USA,United States,9,yes,fabric,55,2760.0,730.0,237.4,967.4,2.85,0,0,0,1,0,0,0,0,1,0,1
USA,United States,9,yes,grain,69,2070.0,470.0,341.2,811.2,2.55,0,0,0,0,0,0,1,0,1,0,0
USA,United States,9,yes,tobacco,49,1470.0,0.0,0.0,0.0,,0,0,0,0,1,0,0,0,0,0,0
USA,United States,9,yes,wood,21,1470.0,1365.0,262.7,1627.7,0.9,0,0,0,0,0,0,0,0,1,0,0
USA,United States,9,yes,fish,14,700.0,0.0,401.5,401.5,1.74,0,0,0,0,0,0,1,0,1,0,0
USA,United States,9,yes,clothes,10,600.0,0.0,449.5,449.5,1.33,0,0,0,0,0,0,0,1,0,0,0
USA,United States,9,yes,furniture,9,585.0,0.0,449.5,449.5,1.3,0,0,0,0,0,0,0,1,0,0,0
USA,United States,9,yes,coal,14,560.0,200.0,0.0,200.0,2.8,0,0,0,0,0,0,0,0,0,0,0
USA,United States,9,yes,tools,7,560.0,535.0,0.0,535.0,1.05,0,0,0,0,0,1,0,0,1,0,0
USA,United States,9,yes,iron,10,400.0,475.0,0.0,475.0,0.84,0,0,0,0,0,0,0,0,1,0,0
USA,United States,9,yes,groceries,7,375.0,0.0,461.7,461.7,0.81,0,0,0,0,0,0,0,1,0,0,0
USA,United States,9,yes,paper,5,350.0,450.0,0.0,450.0,0.78,0,0,0,0,0,0,0,1,0,0,0
USA,United States,9,yes,liquor,0,300.0,0.0,0.0,0.0,,0,0,0,0,0,0,0,0,0,0,0
USA,United States,9,yes,meat,20,275.0,0.0,0.0,0.0,,0,0,0,0,0,0,1,0,0,0,0
USA,United States,9,yes,clippers,0,240.0,195.0,0.0,195.0,1.23,0,0,0,0,0,0,0,0,0,1,0
USA,United States,9,yes,fertilizer,2,227.5,365.0,0.0,365.0,0.62,0,0,0,0,0,0,0,1,0,0,0
USA,United States,9,yes,glass,5,200.0,0.0,0.0,0.0,,0,0,0,0,0,0,0,1,0,0,0
USA,United States,9,yes,merchant_marine,0,180.0,132.0,0.0,132.0,1.36,0,0,0,0,0,0,0,0,0,1,0
USA,United States,9,yes,luxury_furniture,0,175.0,0.0,0.0,0.0,,0,0,0,0,0,0,0,0,0,0,0
USA,United States,9,yes,sulfur,4,160.0,130.0,0.0,130.0,1.23,0,0,0,0,0,0,0,0,0,0,0
USA,United States,9,yes,fruit,0,147.0,0.0,0.0,0.0,,0,0,0,1,1,0,0,0,0,0,1
USA,United States,9,yes,steel,2,130.0,170.0,0.0,170.0,0.76,0,0,0,1,0,1,0,0,0,0,1
USA,United States,9,yes,small_arms,4,120.0,20.0,0.0,20.0,6.0,0,0,0,1,0,1,0,0,0,0,1
USA,United States,9,yes,sugar,3,96.0,170.0,0.0,170.0,0.56,0,0,0,0,1,0,0,0,0,0,0
USA,United States,9,yes,dye,2,60.0,70.0,0.0,70.0,0.86,0,0,0,0,1,0,0,0,0,0,0
USA,United States,9,yes,lead,3,60.0,70.0,0.0,70.0,0.86,0,0,0,0,0,0,0,0,0,0,0
USA,United States,9,yes,ammunition,1,50.0,0.0,0.0,0.0,,0,0,0,0,0,1,0,0,0,0,0
USA,United States,9,yes,explosives,1,50.0,20.0,0.0,20.0,2.5,0,0,0,0,0,1,0,0,0,0,0
USA,United States,9,yes,engines,1,40.0,0.0,0.0,0.0,,0,0,0,0,0,1,0,0,0,0,0
USA,United States,9,yes,porcelain,0,40.0,0.0,0.0,0.0,,0,0,0,0,0,0,0,0,0,0,0
USA,United States,9,yes,artillery,1,25.0,0.0,0.0,0.0,,0,0,0,0,0,1,0,0,0,0,0
USA,United States,9,yes,oil,0,20.0,0.0,0.0,0.0,,0,0,0,0,0,0,0,0,0,1,0
USA,United States,9,yes,wine,0,0.0,0.0,0.0,0.0,,0,0,1,0,1,0,0,0,0,0,0
USA,United States,9,yes,radios,0,0.0,0.0,0.0,0.0,,0,0,0,1,0,0,0,0,0,1,1
USA,United States,9,yes,automobiles,0,0.0,0.0,0.0,0.0,,0,0,0,1,0,0,0,0,0,1,1
JAP,Japan,8,yes,grain,20,890.0,200.0,708.2,908.2,0.98,0,0,0,0,0,0,1,0,1,0,0
JAP,Japan,8,yes,wood,14,590.0,670.0,545.1,1215.1,0.49,1,1,0,0,0,0,0,0,1,0,0
JAP,Japan,8,yes,fruit,0,300.0,0.0,0.0,0.0,,0,0,0,0,1,0,0,0,0,0,0
JAP,Japan,8,yes,fabric,6,280.0,270.0,492.7,762.7,0.37,2,1,0,0,0,0,0,0,1,0,0
JAP,Japan,8,yes,tea,14,280.0,0.0,0.0,0.0,,0,0,0,0,1,0,0,0,0,0,0
JAP,Japan,8,yes,tobacco,9,270.0,0.0,0.0,0.0,,0,0,0,0,1,0,0,0,0,0,0
JAP,Japan,8,yes,fish,10,250.0,190.0,833.2,1023.2,0.24,8,1,0,0,0,0,1,0,1,0,0
JAP,Japan,8,yes,groceries,5,225.0,0.0,958.2,958.2,0.23,5,1,0,1,0,0,0,1,0,0,1
JAP,Japan,8,yes,paper,5,200.0,210.0,0.0,210.0,0.95,0,0,0,1,0,0,0,1,0,0,1
JAP,Japan,8,yes,clothes,4,180.0,0.0,933.0,933.0,0.19,4,1,0,0,0,0,0,1,0,0,0
JAP,Japan,8,yes,furniture,4,180.0,0.0,933.0,933.0,0.19,4,1,0,0,0,0,0,1,0,0,0
JAP,Japan,8,yes,luxury_clothes,0,120.0,0.0,0.0,0.0,,0,0,0,0,0,0,0,0,0,0,0
JAP,Japan,8,yes,glass,4,120.0,0.0,0.0,0.0,,0,0,0,0,0,0,0,1,0,0,0
JAP,Japan,8,yes,dye,4,120.0,20.0,0.0,20.0,6.0,0,0,0,0,1,0,0,0,0,0,0
JAP,Japan,8,yes,luxury_furniture,0,100.0,0.0,0.0,0.0,,0,0,0,0,0,0,0,0,0,0,0
JAP,Japan,8,yes,sugar,1,65.0,0.0,0.0,0.0,,0,0,0,0,1,0,0,0,0,0,0
JAP,Japan,8,yes,silk,4,60.0,60.0,0.0,60.0,1.0,0,0,0,1,1,0,0,0,0,0,1
JAP,Japan,8,yes,lead,2,40.0,0.0,0.0,0.0,,0,0,0,0,0,0,0,0,0,0,0
JAP,Japan,8,yes,porcelain,0,40.0,0.0,0.0,0.0,,0,0,0,1,0,0,0,0,0,0,1
JAP,Japan,8,yes,clippers,0,40.0,29.0,0.0,29.0,1.38,0,0,0,0,0,0,0,0,0,1,0
JAP,Japan,8,yes,merchant_marine,0,36.0,8.0,0.0,8.0,4.5,0,0,0,1,0,0,0,0,0,1,1
JAP,Japan,8,yes,meat,3,30.0,0.0,0.0,0.0,,0,0,0,0,0,0,1,0,0,0,0
JAP,Japan,8,yes,tools,1,30.0,35.0,0.0,35.0,0.86,0,0,0,0,0,1,0,0,1,0,0
JAP,Japan,8,yes,oil,0,20.0,0.0,0.0,0.0,,0,0,0,0,0,0,0,0,0,1,0
JAP,Japan,8,yes,wine,0,0.0,0.0,0.0,0.0,,0,0,1,0,1,0,0,0,0,0,0
JAP,Japan,8,yes,opium,0,0.0,0.0,0.0,0.0,,0,0,1,0,1,0,0,0,0,0,0
JAP,Japan,8,yes,coal,0,0.0,0.0,0.0,0.0,,0,0,1,0,0,0,0,0,0,0,0
JAP,Japan,8,yes,iron,0,0.0,0.0,0.0,0.0,,0,0,1,0,0,0,0,0,1,0,0
JAP,Japan,8,yes,sulfur,0,0.0,0.0,0.0,0.0,,0,0,1,0,0,0,0,0,0,0,0
JAP,Japan,8,yes,steel,0,0.0,0.0,0.0,0.0,,0,0,0,1,0,1,0,0,0,0,1
PRU,Prussia,7,yes,wood,14,1000.0,1290.0,235.5,1525.5,0.66,0,0,0,0,0,0,0,0,1,0,0
PRU,Prussia,7,yes,grain,35,990.0,300.0,306.0,606.0,1.63,0,0,0,0,0,0,1,0,1,0,0
PRU,Prussia,7,yes,tools,11,880.0,612.0,0.0,612.0,1.44,0,0,0,0,0,1,0,0,1,0,0
PRU,Prussia,7,yes,clothes,13,780.0,0.0,403.1,403.1,1.94,0,0,0,0,0,0,0,1,0,0,0
PRU,Prussia,7,yes,coal,13,520.0,280.0,0.0,280.0,1.86,0,0,0,0,0,0,0,0,0,0,0
PRU,Prussia,7,yes,furniture,8,520.0,0.0,403.1,403.1,1.29,0,0,0,0,0,0,0,1,0,0,0
PRU,Prussia,7,yes,iron,12,480.0,600.0,0.0,600.0,0.8,0,0,0,0,0,0,0,0,1,0,0
PRU,Prussia,7,yes,liquor,0,440.0,0.0,0.0,0.0,,0,0,0,0,0,0,0,0,0,0,0
PRU,Prussia,7,yes,groceries,5,325.0,0.0,414.0,414.0,0.79,0,0,0,0,0,0,0,1,0,0,0
PRU,Prussia,7,yes,paper,4,280.0,400.0,0.0,400.0,0.7,0,0,0,0,0,0,0,1,0,0,0
PRU,Prussia,7,yes,meat,10,250.0,0.0,0.0,0.0,,0,0,0,0,0,0,1,0,0,0,0
PRU,Prussia,7,yes,small_arms,8,240.0,0.0,0.0,0.0,,0,0,0,0,0,1,0,0,0,0,0
PRU,Prussia,7,yes,fertilizer,2,205.0,165.0,0.0,165.0,1.24,0,0,0,0,0,0,0,1,0,0,0
PRU,Prussia,7,yes,luxury_furniture,0,200.0,0.0,0.0,0.0,,0,0,0,0,0,0,0,0,0,0,0
PRU,Prussia,7,yes,steel,3,195.0,220.0,0.0,220.0,0.89,0,0,0,0,0,1,0,0,0,0,0
PRU,Prussia,7,yes,lead,4,160.0,70.0,0.0,70.0,2.29,0,0,0,0,0,0,0,0,0,0,0
PRU,Prussia,7,yes,fabric,0,150.0,760.0,212.9,972.9,0.15,2,1,0,0,0,0,0,0,1,0,0
PRU,Prussia,7,yes,fruit,0,133.0,0.0,0.0,0.0,,0,0,0,0,1,0,0,0,0,0,0
PRU,Prussia,7,yes,glass,3,120.0,0.0,0.0,0.0,,0,0,0,0,0,0,0,1,0,0,0
PRU,Prussia,7,yes,sulfur,3,120.0,120.0,0.0,120.0,1.0,0,0,0,0,0,0,0,0,0,0,0
PRU,Prussia,7,yes,ammunition,2,100.0,0.0,0.0,0.0,,0,0,0,0,0,1,0,0,0,0,0
PRU,Prussia,7,yes,fish,4,100.0,0.0,360.0,360.0,0.28,3,1,0,0,0,0,1,0,1,0,0
PRU,Prussia,7,yes,artillery,2,50.0,0.0,0.0,0.0,,0,0,0,1,0,1,0,0,0,0,2
PRU,Prussia,7,yes,explosives,1,50.0,40.0,0.0,40.0,1.25,0,0,0,0,0,1,0,0,0,0,0
PRU,Prussia,7,yes,wine,2,40.0,0.0,0.0,0.0,,0,0,0,0,1,0,0,0,0,0,0
PRU,Prussia,7,yes,clippers,0,40.0,12.0,0.0,12.0,3.33,0,0,0,0,0,0,0,0,0,1,0
PRU,Prussia,7,yes,porcelain,0,30.0,0.0,0.0,0.0,,0,0,0,0,0,0,0,0,0,0,0
PRU,Prussia,7,yes,sugar,0,27.0,200.0,0.0,200.0,0.14,2,1,0,0,1,0,0,0,0,0,0
PRU,Prussia,7,yes,merchant_marine,0,18.0,60.0,0.0,60.0,0.3,1,1,0,0,0,0,0,0,0,1,0
PRU,Prussia,7,yes,dye,0,0.0,80.0,0.0,80.0,0.0,2,1,0,1,1,0,0,0,0,0,1
PRU,Prussia,7,yes,engines,0,0.0,0.0,0.0,0.0,,0,0,0,1,0,1,0,0,0,0,1
AUS,Austria,6,yes,clothes,16,720.0,0.0,594.8,594.8,1.21,0,0,0,0,0,0,0,1,0,0,0
AUS,Austria,6,yes,wood,10,700.0,1580.0,347.5,1927.5,0.36,5,1,0,0,0,0,0,0,1,0,0
AUS,Austria,6,yes,grain,35,700.0,320.0,451.5,771.5,0.91,0,0,0,0,0,0,1,0,1,0,0
AUS,Austria,6,yes,liquor,0,560.0,0.0,0.0,0.0,,0,0,0,0,0,0,0,0,0,0,0
AUS,Austria,6,yes,paper,10,400.0,370.0,0.0,370.0,1.08,0,0,0,0,0,0,0,1,0,0,0
AUS,Austria,6,yes,groceries,8,360.0,0.0,610.8,610.8,0.59,0,0,0,0,0,0,0,1,0,0,0
AUS,Austria,6,yes,furniture,5,325.0,0.0,594.8,594.8,0.55,0,0,0,1,0,0,0,1,0,0,1
AUS,Austria,6,yes,tools,5,300.0,230.0,0.0,230.0,1.3,0,0,0,1,0,1,0,0,1,0,1
AUS,Austria,6,yes,fish,11,275.0,0.0,531.2,531.2,0.52,0,0,0,0,0,0,1,0,1,0,0
AUS,Austria,6,yes,glass,8,270.0,0.0,0.0,0.0,,0,0,0,1,0,0,0,1,0,0,1
AUS,Austria,6,yes,luxury_clothes,0,240.0,0.0,0.0,0.0,,0,0,0,0,0,0,0,0,0,0,0
AUS,Austria,6,yes,small_arms,7,210.0,0.0,0.0,0.0,,0,0,0,1,0,1,0,0,0,0,1
AUS,Austria,6,yes,wine,9,180.0,0.0,0.0,0.0,,0,0,0,0,1,0,0,0,0,0,0
AUS,Austria,6,yes,fruit,0,175.0,0.0,0.0,0.0,,0,0,0,0,1,0,0,0,0,0,0
AUS,Austria,6,yes,coal,4,160.0,80.0,0.0,80.0,2.0,0,0,0,0,0,0,0,0,0,0,0
AUS,Austria,6,yes,iron,5,140.0,200.0,0.0,200.0,0.7,0,0,0,0,0,0,0,0,1,0,0
AUS,Austria,6,yes,luxury_furniture,0,125.0,0.0,0.0,0.0,,0,0,0,0,0,0,0,0,0,0,0
AUS,Austria,6,yes,meat,12,120.0,0.0,0.0,0.0,,0,0,0,0,0,0,1,0,0,0,0
AUS,Austria,6,yes,merchant_marine,0,81.0,44.0,0.0,44.0,1.84,0,0,0,0,0,0,0,0,0,1,0
AUS,Austria,6,yes,lead,3,80.0,30.0,0.0,30.0,2.67,0,0,0,0,0,0,0,0,0,0,0
AUS,Austria,6,yes,clippers,0,80.0,54.0,0.0,54.0,1.48,0,0,0,0,0,0,0,0,0,1,0
AUS,Austria,6,yes,silk,5,75.0,120.0,0.0,120.0,0.62,0,0,0,1,1,0,0,0,0,0,1
AUS,Austria,6,yes,fabric,0,60.0,905.0,314.1,1219.1,0.05,2,1,1,0,0,0,0,0,1,0,0
AUS,Austria,6,yes,artillery,2,50.0,0.0,0.0,0.0,,0,0,0,0,0,1,0,0,0,0,0
AUS,Austria,6,yes,porcelain,0,50.0,0.0,0.0,0.0,,0,0,0,0,0,0,0,0,0,0,0
AUS,Austria,6,yes,sugar,0,33.0,200.0,0.0,200.0,0.17,2,1,0,0,1,0,0,0,0,0,0
AUS,Austria,6,yes,fine_art,0,5.0,0.0,0.0,0.0,,0,0,0,0,0,0,0,0,0,0,0
AUS,Austria,6,yes,dye,0,0.0,25.0,0.0,25.0,0.0,1,1,0,0,1,0,0,0,0,0,0
AUS,Austria,6,yes,sulfur,0,0.0,0.0,0.0,0.0,,0,0,1,0,0,0,0,0,0,0,0
AUS,Austria,6,yes,steel,0,0.0,0.0,0.0,0.0,,0,0,0,1,0,1,0,0,0,0,1
MEX,Mexico,6,yes,wood,4,270.0,195.0,116.4,311.4,0.87,0,0,0,0,0,0,0,0,1,0,0
MEX,Mexico,6,yes,tobacco,7,210.0,0.0,0.0,0.0,,0,0,0,0,1,0,0,0,0,0,0
MEX,Mexico,6,yes,dye,7,210.0,5.0,0.0,5.0,42.0,0,0,0,0,1,0,0,0,0,0,0
MEX,Mexico,6,yes,grain,8,160.0,40.0,151.2,191.2,0.84,0,0,0,0,0,0,1,0,1,0,0
MEX,Mexico,6,yes,clothes,3,135.0,0.0,199.2,199.2,0.68,0,0,0,0,0,0,0,1,0,0,0
MEX,Mexico,6,yes,fish,5,125.0,0.0,177.9,177.9,0.7,0,0,0,0,0,0,1,0,1,0,0
MEX,Mexico,6,yes,fruit,3,120.0,0.0,0.0,0.0,,0,0,0,0,1,0,0,0,0,0,0
MEX,Mexico,6,yes,furniture,2,90.0,0.0,199.2,199.2,0.45,1,1,0,0,0,0,0,1,0,0,0
MEX,Mexico,6,yes,sugar,3,75.0,40.0,0.0,40.0,1.88,0,0,0,0,1,0,0,0,0,0,0
MEX,Mexico,6,yes,groceries,1,65.0,0.0,204.6,204.6,0.32,1,1,0,0,0,0,0,1,0,0,0
MEX,Mexico,6,yes,liquor,0,60.0,0.0,0.0,0.0,,0,0,0,0,0,0,0,0,0,0,0
MEX,Mexico,6,yes,meat,4,40.0,0.0,0.0,0.0,,0,0,0,0,0,0,1,0,0,0,0
MEX,Mexico,6,yes,glass,1,30.0,0.0,0.0,0.0,,0,0,0,0,0,0,0,1,0,0,0
MEX,Mexico,6,yes,tools,1,30.0,40.0,0.0,40.0,0.75,0,0,0,0,0,1,0,0,1,0,0
MEX,Mexico,6,yes,fabric,0,20.0,165.0,105.2,270.2,0.07,2,1,1,0,0,0,0,0,1,0,0
MEX,Mexico,6,yes,iron,1,20.0,5.0,0.0,5.0,4.0,0,0,0,0,0,0,0,0,1,0,0
MEX,Mexico,6,yes,porcelain,0,10.0,0.0,0.0,0.0,,0,0,0,0,0,0,0,0,0,0,0
MEX,Mexico,6,yes,merchant_marine,0,9.0,9.0,0.0,9.0,1.0,0,0,0,0,0,0,0,0,0,1,0
MEX,Mexico,6,yes,wine,0,0.0,0.0,0.0,0.0,,0,0,1,0,1,0,0,0,0,0,0
MEX,Mexico,6,yes,lead,0,0.0,0.0,0.0,0.0,,0,0,1,0,0,0,0,0,0,0,0
MEX,Mexico,6,yes,opium,0,0.0,0.0,0.0,0.0,,0,0,1,0,1,0,0,0,0,0,0
MEX,Mexico,6,yes,coal,0,0.0,0.0,0.0,0.0,,0,0,1,0,0,0,0,0,0,0,0
MEX,Mexico,6,yes,clippers,0,0.0,6.0,0.0,6.0,0.0,1,1,0,0,0,0,0,0,0,1,0
MEX,Mexico,6,yes,rubber,0,0.0,0.0,0.0,0.0,,0,0,1,0,0,0,0,0,0,1,0
MEX,Mexico,6,yes,coffee,0,0.0,0.0,0.0,0.0,,0,0,1,0,1,0,0,0,0,0,0
MEX,Mexico,6,yes,steel,0,0.0,0.0,0.0,0.0,,0,0,0,1,0,1,0,0,0,0,1
MEX,Mexico,6,yes,small_arms,0,0.0,5.0,0.0,5.0,0.0,1,1,0,0,0,1,0,0,0,0,0
MEX,Mexico,6,yes,paper,0,0.0,100.0,0.0,100.0,0.0,2,1,0,0,0,0,0,1,0,0,0
SPA,Spain,6,yes,wood,17,1060.0,925.0,199.4,1124.4,0.94,0,0,0,0,0,0,0,0,1,0,0
SPA,Spain,6,yes,grain,26,565.0,80.0,259.1,339.1,1.67,0,0,0,0,0,0,1,0,1,0,0
SPA,Spain,6,yes,wine,23,460.0,0.0,0.0,0.0,,0,0,0,0,1,0,0,0,0,0,0
SPA,Spain,6,yes,paper,8,320.0,185.0,0.0,185.0,1.73,0,0,0,0,0,0,0,1,0,0,0
SPA,Spain,6,yes,fish,10,250.0,0.0,304.8,304.8,0.82,0,0,0,0,0,0,1,0,1,0,0
SPA,Spain,6,yes,meat,24,240.0,0.0,0.0,0.0,,0,0,0,0,0,0,1,0,0,0,0
SPA,Spain,6,yes,clippers,0,200.0,60.0,0.0,60.0,3.33,0,0,0,0,0,0,0,0,0,1,0
SPA,Spain,6,yes,clothes,4,180.0,0.0,341.3,341.3,0.53,0,0,0,1,0,0,0,1,0,0,1
SPA,Spain,6,yes,groceries,2,130.0,0.0,350.5,350.5,0.37,1,1,0,0,0,0,0,1,0,0,0
SPA,Spain,6,yes,fabric,0,120.0,405.0,180.2,585.2,0.21,2,1,1,0,0,0,0,0,1,0,0
SPA,Spain,6,yes,liquor,0,120.0,0.0,0.0,0.0,,0,0,0,0,0,0,0,0,0,0,0
SPA,Spain,6,yes,merchant_marine,0,90.0,24.0,0.0,24.0,3.75,0,0,0,0,0,0,0,0,0,1,0
SPA,Spain,6,yes,furniture,2,90.0,0.0,341.3,341.3,0.26,2,1,0,0,0,0,0,1,0,0,0
SPA,Spain,6,yes,lead,2,80.0,0.0,0.0,0.0,,0,0,0,0,0,0,0,0,0,0,0
SPA,Spain,6,yes,fruit,0,52.0,0.0,0.0,0.0,,0,0,1,0,1,0,0,0,0,0,0
SPA,Spain,6,yes,luxury_furniture,0,50.0,0.0,0.0,0.0,,0,0,0,0,0,0,0,0,0,0,0
SPA,Spain,6,yes,silk,3,45.0,0.0,0.0,0.0,,0,0,0,0,1,0,0,0,0,0,0
SPA,Spain,6,yes,coal,1,40.0,20.0,0.0,20.0,2.0,0,0,0,0,0,0,0,0,0,0,0
SPA,Spain,6,yes,sugar,1,32.0,80.0,0.0,80.0,0.4,1,1,0,0,1,0,0,0,0,0,0
SPA,Spain,6,yes,tobacco,1,30.0,0.0,0.0,0.0,,0,0,0,0,1,0,0,0,0,0,0
SPA,Spain,6,yes,dye,1,30.0,0.0,0.0,0.0,,0,0,0,0,1,0,0,0,0,0,0
SPA,Spain,6,yes,small_arms,1,30.0,15.0,0.0,15.0,2.0,0,0,0,0,0,1,0,0,0,0,0
SPA,Spain,6,yes,artillery,1,25.0,0.0,0.0,0.0,,0,0,0,1,0,1,0,0,0,0,1
SPA,Spain,6,yes,iron,0,0.0,40.0,0.0,40.0,0.0,1,1,1,0,0,0,0,0,1,0,0
SPA,Spain,6,yes,coffee,0,0.0,0.0,0.0,0.0,,0,0,1,0,1,0,0,0,0,0,0
SPA,Spain,6,yes,sulfur,0,0.0,0.0,0.0,0.0,,0,0,1,0,0,0,0,0,0,0,0
SPA,Spain,6,yes,tools,0,0.0,110.0,0.0,110.0,0.0,1,1,0,0,0,1,0,0,1,0,0
SPA,Spain,6,yes,steel,0,0.0,0.0,0.0,0.0,,0,0,0,1,0,1,0,0,0,0,1
BRZ,Brazil,5,yes,wood,18,1110.0,450.0,67.7,517.7,2.14,0,0,0,0,0,0,0,0,1,0,0
BRZ,Brazil,5,yes,grain,35,730.0,0.0,87.9,87.9,8.3,0,0,0,0,0,0,1,0,1,0,0
BRZ,Brazil,5,yes,fruit,11,462.0,0.0,0.0,0.0,,0,0,0,0,1,0,0,0,0,0,0
BRZ,Brazil,5,yes,fabric,6,285.0,260.0,61.2,321.2,0.89,0,0,0,0,0,0,0,0,1,0,0
BRZ,Brazil,5,yes,clothes,4,180.0,0.0,115.8,115.8,1.55,0,0,0,1,0,0,0,1,0,0,1
BRZ,Brazil,5,yes,sugar,7,178.0,0.0,0.0,0.0,,0,0,0,0,1,0,0,0,0,0,0
BRZ,Brazil,5,yes,paper,4,160.0,120.0,0.0,120.0,1.33,0,0,0,0,0,0,0,1,0,0,0
BRZ,Brazil,5,yes,fish,6,150.0,0.0,103.4,103.4,1.45,0,0,0,0,0,0,1,0,1,0,0
BRZ,Brazil,5,yes,tools,2,90.0,110.0,0.0,110.0,0.82,0,0,0,0,0,1,0,0,1,0,0
BRZ,Brazil,5,yes,clippers,0,80.0,42.0,0.0,42.0,1.9,0,0,0,0,0,0,0,0,0,1,0
BRZ,Brazil,5,yes,merchant_marine,0,63.0,36.0,0.0,36.0,1.75,0,0,0,0,0,0,0,0,0,1,0
BRZ,Brazil,5,yes,tobacco,2,60.0,0.0,0.0,0.0,,0,0,0,0,1,0,0,0,0,0,0
BRZ,Brazil,5,yes,furniture,1,45.0,0.0,115.8,115.8,0.39,1,1,0,0,0,0,0,1,0,0,0
BRZ,Brazil,5,yes,iron,2,40.0,30.0,0.0,30.0,1.33,0,0,0,0,0,0,0,0,1,0,0
BRZ,Brazil,5,yes,meat,3,30.0,0.0,0.0,0.0,,0,0,0,0,0,0,1,0,0,0,0
BRZ,Brazil,5,yes,small_arms,1,30.0,0.0,0.0,0.0,,0,0,0,0,0,1,0,0,0,0,0
BRZ,Brazil,5,yes,wine,0,0.0,0.0,0.0,0.0,,0,0,1,0,1,0,0,0,0,0,0
BRZ,Brazil,5,yes,lead,0,0.0,0.0,0.0,0.0,,0,0,1,0,0,0,0,0,0,0,0
BRZ,Brazil,5,yes,tea,0,0.0,0.0,0.0,0.0,,0,0,1,0,1,0,0,0,0,0,0
BRZ,Brazil,5,yes,groceries,0,0.0,0.0,119.0,119.0,0.0,2,1,0,0,0,0,0,1,0,0,0
BRZ,Brazil,5,yes,coal,0,0.0,0.0,0.0,0.0,,0,0,1,0,0,0,0,0,0,0,0
BRZ,Brazil,5,yes,dye,0,0.0,0.0,0.0,0.0,,0,0,1,0,1,0,0,0,0,0,0
BRZ,Brazil,5,yes,rubber,0,0.0,0.0,0.0,0.0,,0,0,1,0,0,0,0,0,0,1,0
BRZ,Brazil,5,yes,coffee,19,0.0,0.0,0.0,0.0,,0,0,0,0,1,0,0,0,0,0,0
BRZ,Brazil,5,yes,steel,0,0.0,0.0,0.0,0.0,,0,0,0,1,0,1,0,0,0,0,1
DEI,Dutch East Indies,5,yes,grain,32,1120.0,0.0,207.0,207.0,5.41,0,0,0,0,0,0,1,0,1,0,0
DEI,Dutch East Indies,5,yes,tobacco,22,660.0,0.0,0.0,0.0,,0,0,0,0,1,0,0,0,0,0,0
DEI,Dutch East Indies,5,yes,dye,10,300.0,0.0,0.0,0.0,,0,0,0,0,1,0,0,0,0,0,0
DEI,Dutch East Indies,5,yes,wood,7,280.0,190.0,159.3,349.3,0.8,0,0,0,0,0,0,0,0,1,0,0
DEI,Dutch East Indies,5,yes,sugar,4,104.0,0.0,0.0,0.0,,0,0,0,0,1,0,0,0,0,0,0
DEI,Dutch East Indies,5,yes,fabric,2,90.0,70.0,144.0,214.0,0.42,1,1,0,0,0,0,0,0,1,0,0
DEI,Dutch East Indies,5,yes,tea,4,80.0,0.0,0.0,0.0,,0,0,0,0,1,0,0,0,0,0,0
DEI,Dutch East Indies,5,yes,clippers,0,40.0,12.0,0.0,12.0,3.33,0,0,0,0,0,0,0,0,0,1,0
DEI,Dutch East Indies,5,yes,fruit,0,30.0,0.0,0.0,0.0,,0,0,1,0,1,0,0,0,0,0,0
DEI,Dutch East Indies,5,yes,merchant_marine,0,18.0,24.0,0.0,24.0,0.75,0,0,0,0,0,0,0,0,0,1,0
DEI,Dutch East Indies,5,yes,meat,0,0.0,0.0,0.0,0.0,,0,0,1,0,0,0,1,0,0,0,0
DEI,Dutch East Indies,5,yes,groceries,0,0.0,0.0,280.0,280.0,0.0,2,1,0,0,0,0,0,1,0,0,0
DEI,Dutch East Indies,5,yes,coal,0,0.0,0.0,0.0,0.0,,0,0,1,0,0,0,0,0,0,0,0
DEI,Dutch East Indies,5,yes,clothes,0,0.0,0.0,272.7,272.7,0.0,2,1,0,0,0,0,0,1,0,0,0
DEI,Dutch East Indies,5,yes,iron,0,0.0,5.0,0.0,5.0,0.0,1,1,1,0,0,0,0,0,1,0,0
DEI,Dutch East Indies,5,yes,rubber,0,0.0,0.0,0.0,0.0,,0,0,1,0,0,0,0,0,0,1,0
DEI,Dutch East Indies,5,yes,coffee,6,0.0,0.0,0.0,0.0,,0,0,0,1,1,0,0,0,0,0,1
DEI,Dutch East Indies,5,yes,sulfur,0,0.0,0.0,0.0,0.0,,0,0,1,0,0,0,0,0,0,0,0
DEI,Dutch East Indies,5,yes,furniture,0,0.0,0.0,272.7,272.7,0.0,2,1,0,0,0,0,0,1,0,0,0
DEI,Dutch East Indies,5,yes,tools,0,0.0,0.0,0.0,0.0,,0,0,0,0,0,1,0,0,1,0,0
DEI,Dutch East Indies,5,yes,small_arms,0,0.0,5.0,0.0,5.0,0.0,1,1,0,0,0,1,0,0,0,0,0
DEI,Dutch East Indies,5,yes,paper,0,0.0,100.0,0.0,100.0,0.0,2,1,0,0,0,0,0,1,0,0,0
DEI,Dutch East Indies,5,yes,fish,0,0.0,0.0,243.5,243.5,0.0,2,1,1,0,0,0,1,0,1,0,0
EGY,Egypt,5,yes,fabric,12,580.0,275.0,135.1,410.1,1.41,0,0,0,1,0,0,0,0,1,0,1
EGY,Egypt,5,yes,fish,11,475.0,0.0,228.5,228.5,2.08,0,0,0,0,0,0,1,0,1,0,0
EGY,Egypt,5,yes,tobacco,14,420.0,0.0,0.0,0.0,,0,0,0,0,1,0,0,0,0,0,0
EGY,Egypt,5,yes,grain,20,400.0,0.0,194.2,194.2,2.06,0,0,0,0,0,0,1,0,1,0,0
EGY,Egypt,5,yes,clothes,4,180.0,0.0,255.9,255.9,0.7,0,0,0,0,0,0,0,1,0,0,0
EGY,Egypt,5,yes,wood,4,160.0,475.0,149.5,624.5,0.26,3,1,0,0,0,0,0,0,1,0,0
EGY,Egypt,5,yes,paper,3,120.0,120.0,0.0,120.0,1.0,0,0,0,0,0,0,0,1,0,0,0
EGY,Egypt,5,yes,sugar,3,82.0,0.0,0.0,0.0,,0,0,0,0,1,0,0,0,0,0,0
EGY,Egypt,5,yes,meat,8,80.0,0.0,0.0,0.0,,0,0,0,0,0,0,1,0,0,0,0
EGY,Egypt,5,yes,clippers,0,80.0,64.0,0.0,64.0,1.25,0,0,0,0,0,0,0,0,0,1,0
EGY,Egypt,5,yes,opium,3,60.0,0.0,0.0,0.0,,0,0,0,0,1,0,0,0,0,0,0
EGY,Egypt,5,yes,glass,2,60.0,0.0,0.0,0.0,,0,0,0,0,0,0,0,1,0,0,0
EGY,Egypt,5,yes,small_arms,2,60.0,5.0,0.0,5.0,12.0,0,0,0,0,0,1,0,0,0,0,0
EGY,Egypt,5,yes,fruit,0,49.0,0.0,0.0,0.0,,0,0,1,0,1,0,0,0,0,0,0
EGY,Egypt,5,yes,merchant_marine,0,36.0,36.0,0.0,36.0,1.0,0,0,0,0,0,0,0,0,0,1,0
EGY,Egypt,5,yes,tea,1,20.0,0.0,0.0,0.0,,0,0,0,0,1,0,0,0,0,0,0
EGY,Egypt,5,yes,porcelain,0,20.0,0.0,0.0,0.0,,0,0,0,0,0,0,0,0,0,0,0
EGY,Egypt,5,yes,silk,1,15.0,0.0,0.0,0.0,,0,0,0,0,1,0,0,0,0,0,0
EGY,Egypt,5,yes,wine,0,0.0,0.0,0.0,0.0,,0,0,1,0,1,0,0,0,0,0,0
EGY,Egypt,5,yes,groceries,0,0.0,0.0,262.8,262.8,0.0,2,1,0,0,0,0,0,1,0,0,0
EGY,Egypt,5,yes,coal,0,0.0,0.0,0.0,0.0,,0,0,1,0,0,0,0,0,0,0,0
EGY,Egypt,5,yes,dye,0,0.0,10.0,0.0,10.0,0.0,1,1,1,0,1,0,0,0,0,0,0
EGY,Egypt,5,yes,iron,0,0.0,25.0,0.0,25.0,0.0,1,1,1,0,0,0,0,0,1,0,0
EGY,Egypt,5,yes,coffee,2,0.0,0.0,0.0,0.0,,0,0,0,0,1,0,0,0,0,0,0
EGY,Egypt,5,yes,sulfur,0,0.0,0.0,0.0,0.0,,0,0,1,0,0,0,0,0,0,0,0
EGY,Egypt,5,yes,furniture,0,0.0,0.0,255.9,255.9,0.0,2,1,0,0,0,0,0,1,0,0,0
EGY,Egypt,5,yes,tools,0,0.0,0.0,0.0,0.0,,0,0,0,0,0,1,0,0,1,0,0
KOR,Korea,5,no,fish,6,300.0,0.0,414.8,414.8,0.72,0,0,0,0,0,0,1,0,1,0,0
KOR,Korea,5,no,grain,8,280.0,0.0,352.6,352.6,0.79,0,0,0,1,0,0,1,0,1,0,1
KOR,Korea,5,no,tobacco,8,240.0,0.0,0.0,0.0,,0,0,0,0,1,0,0,0,0,0,0
KOR,Korea,5,no,glass,7,210.0,0.0,0.0,0.0,,0,0,0,0,0,0,0,1,0,0,0
KOR,Korea,5,no,porcelain,0,70.0,0.0,0.0,0.0,,0,0,0,0,0,0,0,0,0,0,0
KOR,Korea,5,no,fruit,0,45.0,0.0,0.0,0.0,,0,0,0,0,1,0,0,0,0,0,0
KOR,Korea,5,no,clippers,0,40.0,36.0,0.0,36.0,1.11,0,0,0,0,0,0,0,0,0,1,0
KOR,Korea,5,no,meat,3,30.0,0.0,0.0,0.0,,0,0,0,0,0,0,1,0,0,0,0
KOR,Korea,5,no,iron,1,20.0,0.0,0.0,0.0,,0,0,0,0,0,0,0,0,1,0,0
KOR,Korea,5,no,fabric,0,15.0,45.0,245.3,290.3,0.05,2,1,1,0,0,0,0,0,1,0,0
KOR,Korea,5,no,merchant_marine,0,9.0,0.0,0.0,0.0,,0,0,0,0,0,0,0,0,0,1,0
KOR,Korea,5,no,sugar,0,6.0,0.0,0.0,0.0,,0,0,0,0,1,0,0,0,0,0,0
KOR,Korea,5,no,lead,0,0.0,0.0,0.0,0.0,,0,0,1,0,0,0,0,0,0,0,0
KOR,Korea,5,no,tea,0,0.0,0.0,0.0,0.0,,0,0,1,0,1,0,0,0,0,0,0
KOR,Korea,5,no,groceries,0,0.0,0.0,477.0,477.0,0.0,2,1,0,0,0,0,0,1,0,0,0
KOR,Korea,5,no,opium,0,0.0,0.0,0.0,0.0,,0,0,1,0,1,0,0,0,0,0,0
KOR,Korea,5,no,wood,0,0.0,325.0,271.4,596.4,0.0,2,1,1,0,0,0,0,0,1,0,0
KOR,Korea,5,no,coal,0,0.0,0.0,0.0,0.0,,0,0,1,0,0,0,0,0,0,0,0
KOR,Korea,5,no,dye,0,0.0,35.0,0.0,35.0,0.0,1,1,0,0,1,0,0,0,0,0,0
KOR,Korea,5,no,clothes,0,0.0,0.0,464.5,464.5,0.0,2,1,0,0,0,0,0,1,0,0,0
KOR,Korea,5,no,sulfur,0,0.0,0.0,0.0,0.0,,0,0,1,0,0,0,0,0,0,0,0
KOR,Korea,5,no,furniture,0,0.0,0.0,464.5,464.5,0.0,2,1,0,0,0,0,0,1,0,0,0
KOR,Korea,5,no,tools,0,0.0,5.0,0.0,5.0,0.0,1,1,0,0,0,1,0,0,1,0,0
KOR,Korea,5,no,paper,0,0.0,90.0,0.0,90.0,0.0,1,1,0,0,0,0,0,1,0,0,0
KOR,Korea,5,no,silk,0,0.0,0.0,0.0,0.0,,0,0,1,0,1,0,0,0,0,0,0
PER,Persia,5,no,grain,18,390.0,0.0,144.0,144.0,2.71,0,0,0,0,0,0,1,0,1,0,0
PER,Persia,5,no,opium,7,140.0,0.0,0.0,0.0,,0,0,0,1,1,0,0,0,0,0,1
PER,Persia,5,no,clothes,3,135.0,0.0,189.7,189.7,0.71,0,0,0,1,0,0,0,1,0,0,1
PER,Persia,5,no,fabric,2,105.0,140.0,100.2,240.2,0.44,1,1,0,0,0,0,0,0,1,0,0
PER,Persia,5,no,wood,3,90.0,90.0,110.9,200.9,0.45,1,1,0,0,0,0,0,0,1,0,0
PER,Persia,5,no,furniture,2,90.0,0.0,189.7,189.7,0.47,1,1,0,0,0,0,0,1,0,0,0
PER,Persia,5,no,luxury_clothes,0,60.0,0.0,0.0,0.0,,0,0,0,0,0,0,0,0,0,0,0
PER,Persia,5,no,tea,3,60.0,0.0,0.0,0.0,,0,0,0,0,1,0,0,0,0,0,0
PER,Persia,5,no,meat,3,30.0,0.0,0.0,0.0,,0,0,0,0,0,0,1,0,0,0,0
PER,Persia,5,no,glass,1,30.0,0.0,0.0,0.0,,0,0,0,0,0,0,0,1,0,0,0
PER,Persia,5,no,fruit,0,30.0,0.0,0.0,0.0,,0,0,0,0,1,0,0,0,0,0,0
PER,Persia,5,no,dye,1,30.0,5.0,0.0,5.0,6.0,0,0,0,0,1,0,0,0,0,0,0
PER,Persia,5,no,silk,2,30.0,30.0,0.0,30.0,1.0,0,0,0,0,1,0,0,0,0,0,0
PER,Persia,5,no,fish,1,25.0,0.0,169.4,169.4,0.15,2,1,0,0,0,0,1,0,1,0,0
PER,Persia,5,no,merchant_marine,0,18.0,0.0,0.0,0.0,,0,0,0,0,0,0,0,0,0,1,0
PER,Persia,5,no,porcelain,0,10.0,0.0,0.0,0.0,,0,0,0,0,0,0,0,0,0,0,0
PER,Persia,5,no,sugar,0,4.0,0.0,0.0,0.0,,0,0,1,0,1,0,0,0,0,0,0
PER,Persia,5,no,wine,0,0.0,0.0,0.0,0.0,,0,0,1,0,1,0,0,0,0,0,0
PER,Persia,5,no,lead,0,0.0,0.0,0.0,0.0,,0,0,1,0,0,0,0,0,0,0,0
PER,Persia,5,no,groceries,0,0.0,0.0,194.8,194.8,0.0,2,1,0,0,0,0,0,1,0,0,0
PER,Persia,5,no,tobacco,0,0.0,0.0,0.0,0.0,,0,0,1,0,1,0,0,0,0,0,0
PER,Persia,5,no,coal,0,0.0,0.0,0.0,0.0,,0,0,1,0,0,0,0,0,0,0,0
PER,Persia,5,no,clippers,0,0.0,12.0,0.0,12.0,0.0,1,1,0,0,0,0,0,0,0,1,0
PER,Persia,5,no,iron,0,0.0,0.0,0.0,0.0,,0,0,1,0,0,0,0,0,1,0,0
PER,Persia,5,no,sulfur,0,0.0,0.0,0.0,0.0,,0,0,1,0,0,0,0,0,0,0,0
PER,Persia,5,no,tools,0,0.0,0.0,0.0,0.0,,0,0,0,0,0,1,0,0,1,0,0
PER,Persia,5,no,paper,0,0.0,0.0,0.0,0.0,,0,0,0,0,0,0,0,1,0,0,0
PAN,Punjab,5,no,tobacco,7,210.0,0.0,0.0,0.0,,0,0,0,0,1,0,0,0,0,0,0
PAN,Punjab,5,no,wood,2,140.0,335.0,135.8,470.8,0.3,2,1,0,0,0,0,0,0,1,0,0
PAN,Punjab,5,no,clothes,3,135.0,0.0,232.4,232.4,0.58,0,0,0,0,0,0,0,1,0,0,0
PAN,Punjab,5,no,grain,5,100.0,0.0,176.4,176.4,0.57,0,0,0,0,0,0,1,0,1,0,0
PAN,Punjab,5,no,luxury_clothes,0,90.0,0.0,0.0,0.0,,0,0,0,0,0,0,0,0,0,0,0
PAN,Punjab,5,no,dye,3,90.0,10.0,0.0,10.0,9.0,0,0,0,0,1,0,0,0,0,0,0
PAN,Punjab,5,no,furniture,2,90.0,0.0,232.4,232.4,0.39,1,1,0,0,0,0,0,1,0,0,0
PAN,Punjab,5,no,glass,2,60.0,0.0,0.0,0.0,,0,0,0,0,0,0,0,1,0,0,0
PAN,Punjab,5,no,tools,1,60.0,20.0,0.0,20.0,3.0,0,0,0,0,0,1,0,0,1,0,0
PAN,Punjab,5,no,small_arms,2,60.0,0.0,0.0,0.0,,0,0,0,0,0,1,0,0,0,0,0
PAN,Punjab,5,no,meat,5,50.0,0.0,0.0,0.0,,0,0,0,0,0,0,1,0,0,0,0
PAN,Punjab,5,no,silk,3,45.0,45.0,0.0,45.0,1.0,0,0,0,0,1,0,0,0,0,0,0
PAN,Punjab,5,no,iron,2,40.0,40.0,0.0,40.0,1.0,0,0,0,0,0,0,0,0,1,0,0
PAN,Punjab,5,no,fruit,0,35.0,0.0,0.0,0.0,,0,0,0,0,1,0,0,0,0,0,0
PAN,Punjab,5,no,fabric,0,25.0,190.0,122.7,312.7,0.08,2,1,1,0,0,0,0,0,1,0,0
PAN,Punjab,5,no,luxury_furniture,0,25.0,0.0,0.0,0.0,,0,0,0,0,0,0,0,0,0,0,0
PAN,Punjab,5,no,opium,1,20.0,0.0,0.0,0.0,,0,0,0,0,1,0,0,0,0,0,0
PAN,Punjab,5,no,porcelain,0,20.0,0.0,0.0,0.0,,0,0,0,0,0,0,0,0,0,0,0
PAN,Punjab,5,no,sugar,0,5.0,0.0,0.0,0.0,,0,0,1,0,1,0,0,0,0,0,0
PAN,Punjab,5,no,wine,0,0.0,0.0,0.0,0.0,,0,0,1,0,1,0,0,0,0,0,0
PAN,Punjab,5,no,lead,0,0.0,0.0,0.0,0.0,,0,0,1,0,0,0,0,0,0,0,0
PAN,Punjab,5,no,tea,0,0.0,0.0,0.0,0.0,,0,0,1,0,1,0,0,0,0,0,0
PAN,Punjab,5,no,groceries,0,0.0,0.0,238.6,238.6,0.0,2,1,0,0,0,0,0,1,0,0,0
PAN,Punjab,5,no,coal,0,0.0,0.0,0.0,0.0,,0,0,1,0,0,0,0,0,0,0,0
PAN,Punjab,5,no,coffee,0,0.0,0.0,0.0,0.0,,0,0,1,0,1,0,0,0,0,0,0
PAN,Punjab,5,no,paper,0,0.0,0.0,0.0,0.0,,0,0,0,0,0,0,0,1,0,0,0
PAN,Punjab,5,no,fish,0,0.0,0.0,207.5,207.5,0.0,2,1,0,0,0,0,1,0,1,0,0
HUN,Hungary,4,yes,grain,13,260.0,160.0,205.0,365.0,0.71,0,0,0,0,0,0,1,0,1,0,0
HUN,Hungary,4,yes,liquor,0,240.0,0.0,0.0,0.0,,0,0,0,0,0,0,0,0,0,0,0
HUN,Hungary,4,yes,groceries,4,180.0,0.0,277.3,277.3,0.65,0,0,0,0,0,0,0,1,0,0,0
HUN,Hungary,4,yes,wine,8,160.0,0.0,0.0,0.0,,0,0,0,0,1,0,0,0,0,0,0
HUN,Hungary,4,yes,meat,15,150.0,0.0,0.0,0.0,,0,0,0,0,0,0,1,0,0,0,0
HUN,Hungary,4,yes,furniture,2,130.0,0.0,270.0,270.0,0.48,1,1,0,0,0,0,0,1,0,0,0
HUN,Hungary,4,yes,wood,3,120.0,165.0,157.8,322.8,0.37,1,1,0,0,0,0,0,0,1,0,0
HUN,Hungary,4,yes,fruit,0,91.0,0.0,0.0,0.0,,0,0,0,0,1,0,0,0,0,0,0
HUN,Hungary,4,yes,fabric,0,75.0,45.0,142.6,187.6,0.4,1,1,0,0,0,0,0,0,1,0,0
HUN,Hungary,4,yes,iron,3,60.0,0.0,0.0,0.0,,0,0,0,0,0,0,0,0,1,0,0
HUN,Hungary,4,yes,luxury_furniture,0,50.0,0.0,0.0,0.0,,0,0,0,0,0,0,0,0,0,0,0
HUN,Hungary,4,yes,sugar,0,13.0,100.0,0.0,100.0,0.13,2,1,0,0,1,0,0,0,0,0,0
HUN,Hungary,4,yes,lead,0,0.0,0.0,0.0,0.0,,0,0,1,0,0,0,0,0,0,0,0
HUN,Hungary,4,yes,coal,0,0.0,0.0,0.0,0.0,,0,0,1,0,0,0,0,0,0,0,0
HUN,Hungary,4,yes,clothes,0,0.0,0.0,270.0,270.0,0.0,2,1,0,0,0,0,0,1,0,0,0
HUN,Hungary,4,yes,merchant_marine,0,0.0,9.0,0.0,9.0,0.0,1,1,0,0,0,0,0,0,0,1,0
HUN,Hungary,4,yes,tools,0,0.0,25.0,0.0,25.0,0.0,1,1,0,1,0,1,0,0,1,0,1
HUN,Hungary,4,yes,steel,0,0.0,0.0,0.0,0.0,,0,0,0,1,0,1,0,0,0,0,1
HUN,Hungary,4,yes,paper,0,0.0,90.0,0.0,90.0,0.0,1,1,0,0,0,0,0,1,0,0,0
HUN,Hungary,4,yes,fish,0,0.0,0.0,241.1,241.1,0.0,2,1,0,0,0,0,1,0,1,0,0
NET,Netherlands,4,yes,fish,5,250.0,0.0,71.0,71.0,3.52,0,0,0,0,0,0,1,0,1,0,0
NET,Netherlands,4,yes,clothes,4,240.0,0.0,79.5,79.5,3.02,0,0,0,0,0,0,0,1,0,0,0
NET,Netherlands,4,yes,paper,5,200.0,70.0,0.0,70.0,2.86,0,0,0,0,0,0,0,1,0,0,0
NET,Netherlands,4,yes,clippers,0,160.0,73.0,0.0,73.0,2.19,0,0,0,0,0,0,0,0,0,1,0
NET,Netherlands,4,yes,grain,7,140.0,80.0,60.3,140.3,1.0,0,0,0,0,0,0,1,0,1,0,0
NET,Netherlands,4,yes,groceries,2,130.0,0.0,81.6,81.6,1.59,0,0,0,0,0,0,0,1,0,0,0
NET,Netherlands,4,yes,luxury_clothes,0,120.0,0.0,0.0,0.0,,0,0,0,0,0,0,0,0,0,0,0
NET,Netherlands,4,yes,furniture,2,90.0,0.0,79.5,79.5,1.13,0,0,0,0,0,0,0,1,0,0,0
NET,Netherlands,4,yes,small_arms,3,90.0,5.0,0.0,5.0,18.0,0,0,0,0,0,1,0,0,0,0,0
NET,Netherlands,4,yes,wood,2,80.0,610.0,46.4,656.4,0.12,2,1,0,0,0,0,0,0,1,0,0
NET,Netherlands,4,yes,merchant_marine,0,72.0,40.0,0.0,40.0,1.8,0,0,0,0,0,0,0,0,0,1,0
NET,Netherlands,4,yes,fabric,1,70.0,310.0,42.0,352.0,0.2,2,1,0,0,0,0,0,0,1,0,0
NET,Netherlands,4,yes,luxury_furniture,0,50.0,0.0,0.0,0.0,,0,0,0,0,0,0,0,0,0,0,0
NET,Netherlands,4,yes,meat,5,50.0,0.0,0.0,0.0,,0,0,0,0,0,0,1,0,0,0,0
NET,Netherlands,4,yes,fruit,0,49.0,0.0,0.0,0.0,,0,0,1,0,1,0,0,0,0,0,0
NET,Netherlands,4,yes,sugar,1,32.0,30.0,0.0,30.0,1.07,0,0,0,0,1,0,0,0,0,0,0
NET,Netherlands,4,yes,glass,1,30.0,0.0,0.0,0.0,,0,0,0,0,0,0,0,1,0,0,0
NET,Netherlands,4,yes,porcelain,0,10.0,0.0,0.0,0.0,,0,0,0,0,0,0,0,0,0,0,0
NET,Netherlands,4,yes,tobacco,0,0.0,0.0,0.0,0.0,,0,0,1,0,1,0,0,0,0,0,0
NET,Netherlands,4,yes,coal,0,0.0,0.0,0.0,0.0,,0,0,1,0,0,0,0,0,0,0,0
NET,Netherlands,4,yes,radios,0,0.0,0.0,0.0,0.0,,0,0,0,1,0,0,0,0,0,1,1
NET,Netherlands,4,yes,dye,0,0.0,25.0,0.0,25.0,0.0,1,1,1,0,1,0,0,0,0,0,0
NET,Netherlands,4,yes,iron,0,0.0,35.0,0.0,35.0,0.0,1,1,0,0,0,0,0,0,1,0,0
NET,Netherlands,4,yes,rubber,0,0.0,0.0,0.0,0.0,,0,0,1,0,0,0,0,0,0,1,0
NET,Netherlands,4,yes,coffee,0,0.0,0.0,0.0,0.0,,0,0,1,0,1,0,0,0,0,0,0
NET,Netherlands,4,yes,tools,0,0.0,0.0,0.0,0.0,,0,0,0,0,0,1,0,0,1,0,0
NET,Netherlands,4,yes,silk,0,0.0,60.0,0.0,60.0,0.0,2,1,0,0,1,0,0,0,0,0,0
POR,Portugal,4,yes,grain,17,385.0,0.0,133.2,133.2,2.89,0,0,0,1,0,0,1,0,1,0,1
POR,Portugal,4,yes,fish,10,250.0,0.0,156.7,156.7,1.6,0,0,0,0,0,0,1,0,1,0,0
POR,Portugal,4,yes,wood,5,230.0,185.0,102.5,287.5,0.8,0,0,0,1,0,0,0,0,1,0,1
POR,Portugal,4,yes,wine,9,180.0,0.0,0.0,0.0,,0,0,0,0,1,0,0,0,0,0,0
POR,Portugal,4,yes,fruit,2,139.0,0.0,0.0,0.0,,0,0,0,0,1,0,0,0,0,0,0
POR,Portugal,4,yes,fabric,2,120.0,145.0,92.7,237.7,0.5,0,0,0,0,0,0,0,0,1,0,0
POR,Portugal,4,yes,dye,4,120.0,0.0,0.0,0.0,,0,0,0,0,1,0,0,0,0,0,0
POR,Portugal,4,yes,clothes,2,90.0,0.0,175.5,175.5,0.51,0,0,0,1,0,0,0,1,0,0,1
POR,Portugal,4,yes,clippers,0,80.0,35.0,0.0,35.0,2.29,0,0,0,0,0,0,0,0,0,1,0
POR,Portugal,4,yes,meat,7,70.0,0.0,0.0,0.0,,0,0,0,0,0,0,1,0,0,0,0
POR,Portugal,4,yes,sugar,2,58.0,0.0,0.0,0.0,,0,0,0,0,1,0,0,0,0,0,0
POR,Portugal,4,yes,merchant_marine,0,45.0,68.0,0.0,68.0,0.66,0,0,0,0,0,0,0,0,0,1,0
POR,Portugal,4,yes,paper,1,40.0,70.0,0.0,70.0,0.57,0,0,0,0,0,0,0,1,0,0,0
POR,Portugal,4,yes,luxury_clothes,0,30.0,0.0,0.0,0.0,,0,0,0,0,0,0,0,0,0,0,0
POR,Portugal,4,yes,oil,0,20.0,0.0,0.0,0.0,,0,0,0,0,0,0,0,0,0,1,0
POR,Portugal,4,yes,lead,0,0.0,0.0,0.0,0.0,,0,0,1,0,0,0,0,0,0,0,0
POR,Portugal,4,yes,tea,0,0.0,0.0,0.0,0.0,,0,0,1,0,1,0,0,0,0,0,0
POR,Portugal,4,yes,groceries,0,0.0,0.0,180.2,180.2,0.0,2,1,0,1,0,0,0,1,0,0,1
POR,Portugal,4,yes,opium,0,0.0,0.0,0.0,0.0,,0,0,1,1,1,0,0,0,0,0,1
POR,Portugal,4,yes,tobacco,0,0.0,0.0,0.0,0.0,,0,0,1,0,1,0,0,0,0,0,0
POR,Portugal,4,yes,coal,0,0.0,0.0,0.0,0.0,,0,0,1,0,0,0,0,0,0,0,0
POR,Portugal,4,yes,iron,0,0.0,5.0,0.0,5.0,0.0,1,1,1,0,0,0,0,0,1,0,0
POR,Portugal,4,yes,rubber,0,0.0,0.0,0.0,0.0,,0,0,1,0,0,0,0,0,0,1,0
POR,Portugal,4,yes,coffee,3,0.0,0.0,0.0,0.0,,0,0,0,0,1,0,0,0,0,0,0
POR,Portugal,4,yes,sulfur,0,0.0,0.0,0.0,0.0,,0,0,1,0,0,0,0,0,0,0,0
POR,Portugal,4,yes,furniture,0,0.0,0.0,175.5,175.5,0.0,2,1,0,0,0,0,0,1,0,0,0
POR,Portugal,4,yes,tools,0,0.0,5.0,0.0,5.0,0.0,1,1,0,0,0,1,0,0,1,0,0
POR,Portugal,4,yes,small_arms,0,0.0,5.0,0.0,5.0,0.0,1,1,0,0,0,1,0,0,0,0,0
POR,Portugal,4,yes,silk,0,0.0,15.0,0.0,15.0,0.0,1,1,1,0,1,0,0,0,0,0,0
SAR,Sardinia-Piedmont,4,yes,wood,7,490.0,325.0,60.8,385.8,1.27,0,0,0,0,0,0,0,0,1,0,0
SAR,Sardinia-Piedmont,4,yes,fish,5,250.0,0.0,92.9,92.9,2.69,0,0,0,0,0,0,1,0,1,0,0
SAR,Sardinia-Piedmont,4,yes,grain,8,235.0,40.0,79.0,119.0,1.97,0,0,0,0,0,0,1,0,1,0,0
SAR,Sardinia-Piedmont,4,yes,clippers,0,120.0,37.0,0.0,37.0,3.24,0,0,0,0,0,0,0,0,0,1,0
SAR,Sardinia-Piedmont,4,yes,tools,2,120.0,79.0,0.0,79.0,1.52,0,0,0,0,0,1,0,0,1,0,0
SAR,Sardinia-Piedmont,4,yes,clothes,2,90.0,0.0,104.0,104.0,0.87,0,0,0,0,0,0,0,1,0,0,0
SAR,Sardinia-Piedmont,4,yes,wine,4,80.0,0.0,0.0,0.0,,0,0,0,0,1,0,0,0,0,0,0
SAR,Sardinia-Piedmont,4,yes,fruit,0,75.0,0.0,0.0,0.0,,0,0,0,0,1,0,0,0,0,0,0
SAR,Sardinia-Piedmont,4,yes,meat,7,70.0,0.0,0.0,0.0,,0,0,0,0,0,0,1,0,0,0,0
SAR,Sardinia-Piedmont,4,yes,furniture,1,65.0,0.0,104.0,104.0,0.62,0,0,0,0,0,0,0,1,0,0,0
SAR,Sardinia-Piedmont,4,yes,iron,3,60.0,50.0,0.0,50.0,1.2,0,0,0,0,0,0,0,0,1,0,0
SAR,Sardinia-Piedmont,4,yes,liquor,0,60.0,0.0,0.0,0.0,,0,0,0,0,0,0,0,0,0,0,0
SAR,Sardinia-Piedmont,4,yes,groceries,1,45.0,0.0,106.8,106.8,0.42,1,1,0,0,0,0,0,1,0,0,0
SAR,Sardinia-Piedmont,4,yes,paper,1,40.0,65.0,0.0,65.0,0.62,0,0,0,0,0,0,0,1,0,0,0
SAR,Sardinia-Piedmont,4,yes,fabric,0,35.0,175.0,54.9,229.9,0.15,2,1,1,0,0,0,0,0,1,0,0
SAR,Sardinia-Piedmont,4,yes,small_arms,1,30.0,0.0,0.0,0.0,,0,0,0,0,0,1,0,0,0,0,0
SAR,Sardinia-Piedmont,4,yes,merchant_marine,0,18.0,12.0,0.0,12.0,1.5,0,0,0,0,0,0,0,0,0,1,0
SAR,Sardinia-Piedmont,4,yes,sugar,0,10.0,25.0,0.0,25.0,0.4,1,1,0,0,1,0,0,0,0,0,0
SAR,Sardinia-Piedmont,4,yes,lead,0,0.0,0.0,0.0,0.0,,0,0,1,0,0,0,0,0,0,0,0
SAR,Sardinia-Piedmont,4,yes,coal,0,0.0,0.0,0.0,0.0,,0,0,1,0,0,0,0,0,0,0,0
SAR,Sardinia-Piedmont,4,yes,automobiles,0,0.0,0.0,0.0,0.0,,0,0,0,1,0,0,0,0,0,1,1
SAR,Sardinia-Piedmont,4,yes,sulfur,0,0.0,0.0,0.0,0.0,,0,0,1,0,0,0,0,0,0,0,0
SAR,Sardinia-Piedmont,4,yes,steel,0,0.0,0.0,0.0,0.0,,0,0,0,1,0,1,0,0,0,0,1
SAR,Sardinia-Piedmont,4,yes,silk,0,0.0,0.0,0.0,0.0,,0,0,1,0,1,0,0,0,0,0,0
SOK,Sokoto,4,no,tobacco,6,180.0,0.0,0.0,0.0,,0,0,0,0,1,0,0,0,0,0,0
SOK,Sokoto,4,no,grain,7,140.0,0.0,118.1,118.1,1.19,0,0,0,0,0,0,1,0,1,0,0
SOK,Sokoto,4,no,fabric,1,75.0,40.0,82.2,122.2,0.61,0,0,0,0,0,0,0,0,1,0,0
SOK,Sokoto,4,no,meat,6,60.0,0.0,0.0,0.0,,0,0,0,0,0,0,1,0,0,0,0
SOK,Sokoto,4,no,clothes,1,45.0,0.0,155.6,155.6,0.29,1,1,0,0,0,0,0,1,0,0,0
SOK,Sokoto,4,no,lead,0,0.0,0.0,0.0,0.0,,0,0,1,0,0,0,0,0,0,0,0
SOK,Sokoto,4,no,tea,0,0.0,0.0,0.0,0.0,,0,0,1,0,1,0,0,0,0,0,0
SOK,Sokoto,4,no,sugar,0,0.0,0.0,0.0,0.0,,0,0,1,0,1,0,0,0,0,0,0
SOK,Sokoto,4,no,groceries,0,0.0,0.0,159.8,159.8,0.0,2,1,0,0,0,0,0,1,0,0,0
SOK,Sokoto,4,no,wood,0,0.0,0.0,90.9,90.9,0.0,1,1,1,0,0,0,0,0,1,0,0
SOK,Sokoto,4,no,coal,0,0.0,0.0,0.0,0.0,,0,0,1,0,0,0,0,0,0,0,0
SOK,Sokoto,4,no,fruit,0,0.0,0.0,0.0,0.0,,0,0,1,0,1,0,0,0,0,0,0
SOK,Sokoto,4,no,dye,0,0.0,0.0,0.0,0.0,,0,0,1,0,1,0,0,0,0,0,0
SOK,Sokoto,4,no,iron,0,0.0,0.0,0.0,0.0,,0,0,1,0,0,0,0,0,1,0,0
SOK,Sokoto,4,no,rubber,0,0.0,0.0,0.0,0.0,,0,0,1,0,0,0,0,0,0,1,0
SOK,Sokoto,4,no,coffee,2,0.0,0.0,0.0,0.0,,0,0,0,0,1,0,0,0,0,0,0
SOK,Sokoto,4,no,furniture,0,0.0,0.0,155.6,155.6,0.0,2,1,0,0,0,0,0,1,0,0,0
SOK,Sokoto,4,no,tools,0,0.0,0.0,0.0,0.0,,0,0,0,0,0,1,0,0,1,0,0
SOK,Sokoto,4,no,paper,0,0.0,0.0,0.0,0.0,,0,0,0,0,0,0,0,1,0,0,0
SOK,Sokoto,4,no,fish,0,0.0,0.0,139.0,139.0,0.0,2,1,0,0,0,0,1,0,1,0,0
SWE,Sweden,4,yes,wood,15,1080.0,250.0,46.9,296.9,3.64,0,0,0,0,0,0,0,0,1,0,0
SWE,Sweden,4,yes,fish,11,550.0,0.0,71.6,71.6,7.68,0,0,0,0,0,0,1,0,1,0,0
SWE,Sweden,4,yes,grain,9,180.0,0.0,60.9,60.9,2.96,0,0,0,0,0,0,1,0,1,0,0
SWE,Sweden,4,yes,iron,7,140.0,85.0,0.0,85.0,1.65,0,0,0,1,0,0,0,0,1,0,1
SWE,Sweden,4,yes,clothes,3,135.0,0.0,80.2,80.2,1.68,0,0,0,0,0,0,0,1,0,0,0
SWE,Sweden,4,yes,paper,3,120.0,70.0,0.0,70.0,1.71,0,0,0,0,0,0,0,1,0,0,0
SWE,Sweden,4,yes,liquor,0,90.0,0.0,0.0,0.0,,0,0,0,0,0,0,0,0,0,0,0
SWE,Sweden,4,yes,clippers,0,80.0,73.0,0.0,73.0,1.1,0,0,0,0,0,0,0,0,0,1,0
SWE,Sweden,4,yes,meat,6,60.0,0.0,0.0,0.0,,0,0,0,0,0,0,1,0,0,0,0
SWE,Sweden,4,yes,tools,1,60.0,138.0,0.0,138.0,0.43,1,1,0,0,0,1,0,0,1,0,0
SWE,Sweden,4,yes,fabric,0,30.0,180.0,42.3,222.3,0.13,2,1,0,0,0,0,0,0,1,0,0
SWE,Sweden,4,yes,small_arms,1,30.0,5.0,0.0,5.0,6.0,0,0,0,0,0,1,0,0,0,0,0
SWE,Sweden,4,yes,merchant_marine,0,27.0,20.0,0.0,20.0,1.35,0,0,0,0,0,0,0,0,0,1,0
SWE,Sweden,4,yes,lead,0,0.0,0.0,0.0,0.0,,0,0,1,0,0,0,0,0,0,0,0
SWE,Sweden,4,yes,groceries,0,0.0,0.0,82.3,82.3,0.0,1,1,0,0,0,0,0,1,0,0,0
SWE,Sweden,4,yes,coal,0,0.0,0.0,0.0,0.0,,0,0,1,0,0,0,0,0,0,0,0
SWE,Sweden,4,yes,furniture,0,0.0,0.0,80.2,80.2,0.0,1,1,0,0,0,0,0,1,0,0,0
SWE,Sweden,4,yes,fine_art,0,0.0,0.0,0.0,0.0,,0,0,0,1,0,0,0,0,0,0,1
SWE,Sweden,4,yes,telephones,0,0.0,0.0,0.0,0.0,,0,0,0,1,0,0,0,0,0,1,1
SIC,Two Sicilies,4,yes,grain,27,540.0,40.0,153.0,193.0,2.8,0,0,0,0,0,0,1,0,1,0,0
SIC,Two Sicilies,4,yes,wood,5,350.0,430.0,117.8,547.8,0.64,0,0,0,0,0,0,0,0,1,0,0
SIC,Two Sicilies,4,yes,fish,11,275.0,0.0,180.0,180.0,1.53,0,0,0,0,0,0,1,0,1,0,0
SIC,Two Sicilies,4,yes,wine,10,200.0,0.0,0.0,0.0,,0,0,0,0,1,0,0,0,0,0,0
SIC,Two Sicilies,4,yes,tools,3,180.0,114.0,0.0,114.0,1.58,0,0,0,0,0,1,0,0,1,0,0
SIC,Two Sicilies,4,yes,meat,14,140.0,0.0,0.0,0.0,,0,0,0,0,0,0,1,0,0,0,0
SIC,Two Sicilies,4,yes,clothes,3,135.0,0.0,201.6,201.6,0.67,0,0,0,0,0,0,0,1,0,0,0
SIC,Two Sicilies,4,yes,sulfur,5,100.0,0.0,0.0,0.0,,0,0,0,1,0,0,0,0,0,0,1
SIC,Two Sicilies,4,yes,clippers,0,80.0,36.0,0.0,36.0,2.22,0,0,0,0,0,0,0,0,0,1,0
SIC,Two Sicilies,4,yes,fabric,0,70.0,220.0,106.5,326.5,0.21,2,1,1,0,0,0,0,0,1,0,0
SIC,Two Sicilies,4,yes,small_arms,2,60.0,0.0,0.0,0.0,,0,0,0,0,0,1,0,0,0,0,0
SIC,Two Sicilies,4,yes,liquor,0,60.0,0.0,0.0,0.0,,0,0,0,0,0,0,0,0,0,0,0
SIC,Two Sicilies,4,yes,merchant_marine,0,54.0,32.0,0.0,32.0,1.69,0,0,0,0,0,0,0,0,0,1,0
SIC,Two Sicilies,4,yes,groceries,1,45.0,0.0,207.0,207.0,0.22,2,1,0,0,0,0,0,1,0,0,0
SIC,Two Sicilies,4,yes,furniture,1,45.0,0.0,201.6,201.6,0.22,2,1,0,0,0,0,0,1,0,0,0
SIC,Two Sicilies,4,yes,iron,2,40.0,80.0,0.0,80.0,0.5,0,0,0,0,0,0,0,0,1,0,0
SIC,Two Sicilies,4,yes,paper,1,40.0,70.0,0.0,70.0,0.57,0,0,0,0,0,0,0,1,0,0,0
SIC,Two Sicilies,4,yes,glass,1,30.0,0.0,0.0,0.0,,0,0,0,0,0,0,0,1,0,0,0
SIC,Two Sicilies,4,yes,silk,2,30.0,0.0,0.0,0.0,,0,0,0,0,1,0,0,0,0,0,0
SIC,Two Sicilies,4,yes,sugar,1,25.0,25.0,0.0,25.0,1.0,0,0,0,0,1,0,0,0,0,0,0
SIC,Two Sicilies,4,yes,porcelain,0,10.0,0.0,0.0,0.0,,0,0,0,0,0,0,0,0,0,0,0
SIC,Two Sicilies,4,yes,coal,0,0.0,0.0,0.0,0.0,,0,0,1,0,0,0,0,0,0,0,0
SIC,Two Sicilies,4,yes,dye,0,0.0,5.0,0.0,5.0,0.0,1,1,0,0,1,0,0,0,0,0,0
ARG,Argentina,3,yes,wood,2,120.0,100.0,13.6,113.6,1.06,0,0,0,0,0,0,0,0,1,0,0
ARG,Argentina,3,yes,tobacco,3,90.0,0.0,0.0,0.0,,0,0,0,0,1,0,0,0,0,0,0
ARG,Argentina,3,yes,grain,3,60.0,0.0,17.7,17.7,3.39,0,0,0,0,0,0,1,0,1,0,0
ARG,Argentina,3,yes,clothes,1,45.0,0.0,23.3,23.3,1.93,0,0,0,0,0,0,0,1,0,0,0
ARG,Argentina,3,yes,furniture,1,45.0,0.0,23.3,23.3,1.93,0,0,0,0,0,0,0,1,0,0,0
ARG,Argentina,3,yes,meat,4,40.0,0.0,0.0,0.0,,0,0,0,1,0,0,1,0,0,0,1
ARG,Argentina,3,yes,clippers,0,40.0,6.0,0.0,6.0,6.67,0,0,0,0,0,0,0,0,0,1,0
ARG,Argentina,3,yes,tools,1,30.0,26.0,0.0,26.0,1.15,0,0,0,0,0,1,0,0,1,0,0
ARG,Argentina,3,yes,fish,1,25.0,0.0,20.8,20.8,1.2,0,0,0,0,0,0,1,0,1,0,0
ARG,Argentina,3,yes,fabric,0,20.0,70.0,12.3,82.3,0.24,1,1,0,0,0,0,0,0,1,0,0
ARG,Argentina,3,yes,merchant_marine,0,9.0,4.0,0.0,4.0,2.25,0,0,0,0,0,0,0,0,0,1,0
ARG,Argentina,3,yes,wine,0,0.0,0.0,0.0,0.0,,0,0,1,0,1,0,0,0,0,0,0
ARG,Argentina,3,yes,lead,0,0.0,0.0,0.0,0.0,,0,0,1,0,0,0,0,0,0,0,0
ARG,Argentina,3,yes,sugar,0,0.0,0.0,0.0,0.0,,0,0,1,0,1,0,0,0,0,0,0
ARG,Argentina,3,yes,groceries,0,0.0,0.0,24.0,24.0,0.0,1,1,0,0,0,0,0,1,0,0,0
ARG,Argentina,3,yes,fruit,0,0.0,0.0,0.0,0.0,,0,0,1,0,1,0,0,0,0,0,0
ARG,Argentina,3,yes,dye,0,0.0,0.0,0.0,0.0,,0,0,1,0,1,0,0,0,0,0,0
ARG,Argentina,3,yes,iron,0,0.0,0.0,0.0,0.0,,0,0,1,0,0,0,0,0,1,0,0
ARG,Argentina,3,yes,coffee,0,0.0,0.0,0.0,0.0,,0,0,1,0,1,0,0,0,0,0,0
ARG,Argentina,3,yes,paper,0,0.0,20.0,0.0,20.0,0.0,1,1,0,0,0,0,0,1,0,0,0
CLM,Colombia,3,yes,grain,5,145.0,0.0,35.2,35.2,4.12,0,0,0,0,0,0,1,0,1,0,0
CLM,Colombia,3,yes,tobacco,4,120.0,0.0,0.0,0.0,,0,0,0,0,1,0,0,0,0,0,0
CLM,Colombia,3,yes,wood,3,100.0,30.0,27.1,57.1,1.75,0,0,0,0,0,0,0,0,1,0,0
CLM,Colombia,3,yes,fabric,2,95.0,50.0,24.5,74.5,1.28,0,0,0,0,0,0,0,0,1,0,0
CLM,Colombia,3,yes,sugar,2,50.0,0.0,0.0,0.0,,0,0,0,0,1,0,0,0,0,0,0
CLM,Colombia,3,yes,clothes,1,45.0,0.0,46.4,46.4,0.97,0,0,0,0,0,0,0,1,0,0,0
CLM,Colombia,3,yes,furniture,1,45.0,0.0,46.4,46.4,0.97,0,0,0,0,0,0,0,1,0,0,0
CLM,Colombia,3,yes,fruit,1,40.0,0.0,0.0,0.0,,0,0,0,0,1,0,0,0,0,0,0
CLM,Colombia,3,yes,fish,1,25.0,0.0,41.4,41.4,0.6,0,0,0,0,0,0,1,0,1,0,0
CLM,Colombia,3,yes,meat,1,10.0,0.0,0.0,0.0,,0,0,0,0,0,0,1,0,0,0,0
CLM,Colombia,3,yes,merchant_marine,0,9.0,8.0,0.0,8.0,1.12,0,0,0,1,0,0,0,0,0,1,1
CLM,Colombia,3,yes,groceries,0,0.0,0.0,47.7,47.7,0.0,1,1,0,0,0,0,0,1,0,0,0
CLM,Colombia,3,yes,opium,0,0.0,0.0,0.0,0.0,,0,0,1,0,1,0,0,0,0,0,0
CLM,Colombia,3,yes,coal,0,0.0,0.0,0.0,0.0,,0,0,1,0,0,0,0,0,0,0,0
CLM,Colombia,3,yes,clippers,0,0.0,6.0,0.0,6.0,0.0,1,1,0,0,0,0,0,0,0,1,0
CLM,Colombia,3,yes,dye,0,0.0,0.0,0.0,0.0,,0,0,1,0,1,0,0,0,0,0,0
CLM,Colombia,3,yes,iron,0,0.0,5.0,0.0,5.0,0.0,1,1,1,0,0,0,0,0,1,0,0
CLM,Colombia,3,yes,rubber,0,0.0,0.0,0.0,0.0,,0,0,1,0,0,0,0,0,0,1,0
CLM,Colombia,3,yes,coffee,3,0.0,0.0,0.0,0.0,,0,0,0,0,1,0,0,0,0,0,0
CLM,Colombia,3,yes,tools,0,0.0,0.0,0.0,0.0,,0,0,0,0,0,1,0,0,1,0,0
CLM,Colombia,3,yes,small_arms,0,0.0,5.0,0.0,5.0,0.0,1,1,0,0,0,1,0,0,0,0,0
CLM,Colombia,3,yes,paper,0,0.0,0.0,0.0,0.0,,0,0,0,0,0,0,0,1,0,0,0
DAI,Dai Nam,3,yes,grain,2,70.0,0.0,143.0,143.0,0.49,1,1,0,0,0,0,1,0,1,0,0
DAI,Dai Nam,3,yes,fish,2,50.0,0.0,168.2,168.2,0.3,1,1,0,0,0,0,1,0,1,0,0
DAI,Dai Nam,3,yes,tea,2,40.0,0.0,0.0,0.0,,0,0,0,0,1,0,0,0,0,0,0
DAI,Dai Nam,3,yes,opium,2,40.0,0.0,0.0,0.0,,0,0,0,0,1,0,0,0,0,0,0
DAI,Dai Nam,3,yes,meat,3,30.0,0.0,0.0,0.0,,0,0,0,0,0,0,1,0,0,0,0
DAI,Dai Nam,3,yes,fabric,0,15.0,0.0,99.5,99.5,0.15,1,1,1,0,0,0,0,0,1,0,0
DAI,Dai Nam,3,yes,sugar,0,0.0,0.0,0.0,0.0,,0,0,1,0,1,0,0,0,0,0,0
DAI,Dai Nam,3,yes,groceries,0,0.0,0.0,193.4,193.4,0.0,2,1,0,0,0,0,0,1,0,0,0
DAI,Dai Nam,3,yes,wood,0,0.0,0.0,110.1,110.1,0.0,1,1,1,0,0,0,0,0,1,0,0
DAI,Dai Nam,3,yes,coal,0,0.0,0.0,0.0,0.0,,0,0,1,0,0,0,0,0,0,0,0
DAI,Dai Nam,3,yes,clothes,0,0.0,0.0,188.4,188.4,0.0,2,1,0,1,0,0,0,1,0,0,1
DAI,Dai Nam,3,yes,fruit,0,0.0,0.0,0.0,0.0,,0,0,1,0,1,0,0,0,0,0,0
DAI,Dai Nam,3,yes,dye,0,0.0,0.0,0.0,0.0,,0,0,1,0,1,0,0,0,0,0,0
DAI,Dai Nam,3,yes,iron,0,0.0,0.0,0.0,0.0,,0,0,1,0,0,0,0,0,1,0,0
DAI,Dai Nam,3,yes,merchant_marine,0,0.0,4.0,0.0,4.0,0.0,1,1,0,0,0,0,0,0,0,1,0
DAI,Dai Nam,3,yes,rubber,0,0.0,0.0,0.0,0.0,,0,0,1,0,0,0,0,0,0,1,0
DAI,Dai Nam,3,yes,coffee,0,0.0,0.0,0.0,0.0,,0,0,1,0,1,0,0,0,0,0,0
DAI,Dai Nam,3,yes,furniture,0,0.0,0.0,188.4,188.4,0.0,2,1,0,0,0,0,0,1,0,0,0
DAI,Dai Nam,3,yes,tools,0,0.0,0.0,0.0,0.0,,0,0,0,0,0,1,0,0,1,0,0
DAI,Dai Nam,3,yes,paper,0,0.0,0.0,0.0,0.0,,0,0,0,0,0,0,0,1,0,0,0
DAI,Dai Nam,3,yes,silk,0,0.0,0.0,0.0,0.0,,0,0,1,0,1,0,0,0,0,0,0
GRE,Greece,3,yes,fish,3,150.0,0.0,24.1,24.1,6.22,0,0,0,0,0,0,1,0,1,0,0
GRE,Greece,3,yes,fabric,2,90.0,20.0,14.2,34.2,2.63,0,0,0,0,0,0,0,0,1,0,0
GRE,Greece,3,yes,wood,2,60.0,40.0,15.7,55.7,1.08,0,0,0,0,0,0,0,0,1,0,0
GRE,Greece,3,yes,wine,2,40.0,0.0,0.0,0.0,,0,0,0,0,1,0,0,0,0,0,0
GRE,Greece,3,yes,clippers,0,40.0,27.0,0.0,27.0,1.48,0,0,0,0,0,0,0,0,0,1,0
GRE,Greece,3,yes,grain,2,40.0,0.0,20.5,20.5,1.95,0,0,0,0,0,0,1,0,1,0,0
GRE,Greece,3,yes,tobacco,1,30.0,0.0,0.0,0.0,,0,0,0,0,1,0,0,0,0,0,0
GRE,Greece,3,yes,merchant_marine,0,18.0,4.0,0.0,4.0,4.5,0,0,0,0,0,0,0,0,0,1,0
GRE,Greece,3,yes,lead,0,0.0,0.0,0.0,0.0,,0,0,1,0,0,0,0,0,0,0,0
GRE,Greece,3,yes,meat,0,0.0,0.0,0.0,0.0,,0,0,1,0,0,0,1,0,0,0,0
GRE,Greece,3,yes,groceries,0,0.0,0.0,27.7,27.7,0.0,1,1,0,0,0,0,0,1,0,0,0
GRE,Greece,3,yes,clothes,0,0.0,0.0,26.9,26.9,0.0,1,1,0,0,0,0,0,1,0,0,0
GRE,Greece,3,yes,iron,0,0.0,0.0,0.0,0.0,,0,0,1,0,0,0,0,0,1,0,0
GRE,Greece,3,yes,sulfur,0,0.0,0.0,0.0,0.0,,0,0,1,0,0,0,0,0,0,0,0
GRE,Greece,3,yes,furniture,0,0.0,0.0,26.9,26.9,0.0,1,1,0,0,0,0,0,1,0,0,0
GRE,Greece,3,yes,tools,0,0.0,0.0,0.0,0.0,,0,0,0,1,0,1,0,0,1,0,1
GRE,Greece,3,yes,paper,0,0.0,0.0,0.0,0.0,,0,0,0,0,0,0,0,1,0,0,0
HYD,Hyderabad,3,no,fabric,2,90.0,0.0,164.3,164.3,0.55,0,0,0,0,0,0,0,0,1,0,0
HYD,Hyderabad,3,no,sugar,2,50.0,0.0,0.0,0.0,,0,0,0,0,1,0,0,0,0,0,0
HYD,Hyderabad,3,no,silk,3,45.0,0.0,0.0,0.0,,0,0,0,0,1,0,0,0,0,0,0
HYD,Hyderabad,3,no,paper,1,40.0,0.0,0.0,0.0,,0,0,0,0,0,0,0,1,0,0,0
HYD,Hyderabad,3,no,small_arms,1,30.0,0.0,0.0,0.0,,0,0,0,0,0,1,0,0,0,0,0
HYD,Hyderabad,3,no,meat,0,0.0,0.0,0.0,0.0,,0,0,1,0,0,0,1,0,0,0,0
HYD,Hyderabad,3,no,groceries,0,0.0,0.0,319.6,319.6,0.0,2,1,0,0,0,0,0,1,0,0,0
HYD,Hyderabad,3,no,opium,0,0.0,0.0,0.0,0.0,,0,0,1,0,1,0,0,0,0,0,0
HYD,Hyderabad,3,no,tobacco,0,0.0,0.0,0.0,0.0,,0,0,1,0,1,0,0,0,0,0,0
HYD,Hyderabad,3,no,wood,0,0.0,40.0,181.8,221.8,0.0,2,1,1,0,0,0,0,0,1,0,0
HYD,Hyderabad,3,no,coal,0,0.0,0.0,0.0,0.0,,0,0,1,0,0,0,0,0,0,0,0
HYD,Hyderabad,3,no,clothes,0,0.0,0.0,311.2,311.2,0.0,2,1,0,0,0,0,0,1,0,0,0
HYD,Hyderabad,3,no,fruit,0,0.0,0.0,0.0,0.0,,0,0,1,0,1,0,0,0,0,0,0
HYD,Hyderabad,3,no,dye,0,0.0,0.0,0.0,0.0,,0,0,1,0,1,0,0,0,0,0,0
HYD,Hyderabad,3,no,iron,0,0.0,10.0,0.0,10.0,0.0,1,1,1,0,0,0,0,0,1,0,0
HYD,Hyderabad,3,no,grain,0,0.0,0.0,236.2,236.2,0.0,2,1,1,0,0,0,1,0,1,0,0
HYD,Hyderabad,3,no,furniture,0,0.0,0.0,311.2,311.2,0.0,2,1,0,0,0,0,0,1,0,0,0
HYD,Hyderabad,3,no,tools,0,0.0,0.0,0.0,0.0,,0,0,0,0,0,1,0,0,1,0,0
HYD,Hyderabad,3,no,fish,0,0.0,0.0,277.9,277.9,0.0,2,1,0,0,0,0,1,0,1,0,0
NEP,Nepal,3,no,tobacco,1,30.0,0.0,0.0,0.0,,0,0,0,0,1,0,0,0,0,0,0
NEP,Nepal,3,no,tea,1,20.0,0.0,0.0,0.0,,0,0,0,0,1,0,0,0,0,0,0
NEP,Nepal,3,no,fabric,0,0.0,0.0,64.2,64.2,0.0,1,1,0,0,0,0,0,0,1,0,0
NEP,Nepal,3,no,lead,0,0.0,0.0,0.0,0.0,,0,0,1,0,0,0,0,0,0,0,0
NEP,Nepal,3,no,iron,0,0.0,0.0,0.0,0.0,,0,0,1,0,0,0,0,0,1,0,0
NEP,Nepal,3,no,meat,0,0.0,0.0,0.0,0.0,,0,0,1,0,0,0,1,0,0,0,0
NEP,Nepal,3,no,grain,0,0.0,0.0,92.3,92.3,0.0,2,1,1,0,0,0,1,0,1,0,0
NEP,Nepal,3,no,furniture,0,0.0,0.0,121.6,121.6,0.0,2,1,0,0,0,0,0,1,0,0,0
NEP,Nepal,3,no,groceries,0,0.0,0.0,124.9,124.9,0.0,2,1,0,0,0,0,0,1,0,0,0
NEP,Nepal,3,no,opium,0,0.0,0.0,0.0,0.0,,0,0,1,0,1,0,0,0,0,0,0
NEP,Nepal,3,no,tools,0,0.0,0.0,0.0,0.0,,0,0,0,0,0,1,0,0,1,0,0
NEP,Nepal,3,no,wood,0,0.0,0.0,71.1,71.1,0.0,1,1,1,0,0,0,0,0,1,0,0
NEP,Nepal,3,no,fish,0,0.0,0.0,108.6,108.6,0.0,2,1,0,0,0,0,1,0,1,0,0
NEP,Nepal,3,no,paper,0,0.0,0.0,0.0,0.0,,0,0,0,0,0,0,0,1,0,0,0
NEP,Nepal,3,no,clothes,0,0.0,0.0,121.6,121.6,0.0,2,1,0,0,0,0,0,1,0,0,0
BAV,Bavaria,2,yes,grain,19,570.0,120.0,90.9,210.9,2.7,0,0,0,0,0,0,1,0,1,0,0
BAV,Bavaria,2,yes,wood,6,420.0,248.0,69.9,317.9,1.32,0,0,0,0,0,0,0,0,1,0,0
BAV,Bavaria,2,yes,furniture,3,195.0,0.0,119.7,119.7,1.63,0,0,0,0,0,0,0,1,0,0,0
BAV,Bavaria,2,yes,liquor,0,180.0,0.0,0.0,0.0,,0,0,0,0,0,0,0,0,0,0,0
BAV,Bavaria,2,yes,groceries,3,135.0,0.0,122.9,122.9,1.1,0,0,0,0,0,0,0,1,0,0,0
BAV,Bavaria,2,yes,luxury_furniture,0,75.0,0.0,0.0,0.0,,0,0,0,0,0,0,0,0,0,0,0
BAV,Bavaria,2,yes,clothes,1,45.0,0.0,119.7,119.7,0.38,1,1,0,0,0,0,0,1,0,0,0
BAV,Bavaria,2,yes,wine,2,40.0,0.0,0.0,0.0,,0,0,0,0,1,0,0,0,0,0,0
BAV,Bavaria,2,yes,meat,4,40.0,0.0,0.0,0.0,,0,0,0,0,0,0,1,0,0,0,0
BAV,Bavaria,2,yes,glass,1,30.0,0.0,0.0,0.0,,0,0,0,0,0,0,0,1,0,0,0
BAV,Bavaria,2,yes,transportation,0,30.0,0.0,0.0,0.0,,0,0,0,0,0,0,0,0,0,1,0
BAV,Bavaria,2,yes,fabric,0,20.0,95.0,63.2,158.2,0.13,1,1,0,0,0,0,0,0,1,0,0
BAV,Bavaria,2,yes,iron,1,20.0,0.0,0.0,0.0,,0,0,0,0,0,0,0,0,1,0,0
BAV,Bavaria,2,yes,porcelain,0,10.0,0.0,0.0,0.0,,0,0,0,0,0,0,0,0,0,0,0
BAV,Bavaria,2,yes,fine_art,0,5.0,0.0,0.0,0.0,,0,0,0,0,0,0,0,0,0,0,0
BAV,Bavaria,2,yes,lead,0,0.0,0.0,0.0,0.0,,0,0,1,0,0,0,0,0,0,0,0
BAV,Bavaria,2,yes,sugar,0,0.0,75.0,0.0,75.0,0.0,2,1,0,0,1,0,0,0,0,0,0
BAV,Bavaria,2,yes,coal,0,0.0,2.0,0.0,2.0,0.0,1,1,1,0,0,0,0,0,0,0,0
BAV,Bavaria,2,yes,fertilizer,0,0.0,95.0,0.0,95.0,0.0,1,1,0,0,0,0,0,1,0,0,0
BAV,Bavaria,2,yes,dye,0,0.0,5.0,0.0,5.0,0.0,1,1,0,0,1,0,0,0,0,0,0
BAV,Bavaria,2,yes,merchant_marine,0,0.0,4.0,0.0,4.0,0.0,1,1,0,0,0,0,0,0,0,1,0
BAV,Bavaria,2,yes,engines,0,0.0,5.0,0.0,5.0,0.0,1,1,0,0,0,1,0,0,0,0,0
BAV,Bavaria,2,yes,tools,0,0.0,50.0,0.0,50.0,0.0,1,1,0,0,0,1,0,0,1,0,0
BAV,Bavaria,2,yes,paper,0,0.0,80.0,0.0,80.0,0.0,1,1,0,0,0,0,0,1,0,0,0
BAV,Bavaria,2,yes,fish,0,0.0,0.0,106.9,106.9,0.0,2,1,0,0,0,0,1,0,1,0,0
BEL,Belgium,2,yes,wood,7,490.0,401.0,69.5,470.5,1.04,0,0,0,0,0,0,0,0,1,0,0
BEL,Belgium,2,yes,grain,13,390.0,130.0,90.2,220.2,1.77,0,0,0,0,0,0,1,0,1,0,0
BEL,Belgium,2,yes,clothes,4,240.0,0.0,118.9,118.9,2.02,0,0,0,0,0,0,0,1,0,0,0
BEL,Belgium,2,yes,iron,6,240.0,210.0,0.0,210.0,1.14,0,0,0,0,0,0,0,0,1,0,0
BEL,Belgium,2,yes,tools,3,240.0,251.0,0.0,251.0,0.96,0,0,0,1,0,1,0,0,1,0,1
BEL,Belgium,2,yes,coal,5,200.0,144.0,0.0,144.0,1.39,0,0,0,0,0,0,0,0,0,0,0
BEL,Belgium,2,yes,furniture,3,195.0,0.0,118.9,118.9,1.64,0,0,0,0,0,0,0,1,0,0,0
BEL,Belgium,2,yes,fertilizer,2,192.5,85.0,0.0,85.0,2.26,0,0,0,0,0,0,0,1,0,0,0
BEL,Belgium,2,yes,groceries,2,130.0,0.0,122.1,122.1,1.06,0,0,0,0,0,0,0,1,0,0,0
BEL,Belgium,2,yes,steel,2,130.0,60.0,0.0,60.0,2.17,0,0,0,0,0,1,0,0,0,0,0
BEL,Belgium,2,yes,meat,5,125.0,0.0,0.0,0.0,,0,0,0,0,0,0,1,0,0,0,0
BEL,Belgium,2,yes,liquor,0,120.0,0.0,0.0,0.0,,0,0,0,0,0,0,0,0,0,0,0
BEL,Belgium,2,yes,sulfur,2,80.0,90.0,0.0,90.0,0.89,0,0,0,0,0,0,0,0,0,0,0
BEL,Belgium,2,yes,fabric,0,75.0,250.0,62.8,312.8,0.24,2,1,0,0,0,0,0,0,1,0,0
BEL,Belgium,2,yes,luxury_furniture,0,75.0,0.0,0.0,0.0,,0,0,0,0,0,0,0,0,0,0,0
BEL,Belgium,2,yes,paper,1,70.0,90.0,0.0,90.0,0.78,0,0,0,0,0,0,0,1,0,0,0
BEL,Belgium,2,yes,transportation,0,60.0,0.0,0.0,0.0,,0,0,0,0,0,0,0,0,0,1,0
BEL,Belgium,2,yes,explosives,1,50.0,0.0,0.0,0.0,,0,0,0,0,0,1,0,0,0,0,0
BEL,Belgium,2,yes,fish,1,50.0,0.0,106.2,106.2,0.47,1,1,0,0,0,0,1,0,1,0,0
BEL,Belgium,2,yes,fruit,0,42.0,0.0,0.0,0.0,,0,0,0,0,1,0,0,0,0,0,0
BEL,Belgium,2,yes,clippers,0,40.0,23.0,0.0,23.0,1.74,0,0,0,0,0,0,0,0,0,1,0
BEL,Belgium,2,yes,small_arms,1,30.0,0.0,0.0,0.0,,0,0,0,0,0,1,0,0,0,0,0
BEL,Belgium,2,yes,merchant_marine,0,27.0,32.0,0.0,32.0,0.84,0,0,0,0,0,0,0,0,0,1,0
BEL,Belgium,2,yes,sugar,0,6.0,80.0,0.0,80.0,0.07,1,1,0,0,1,0,0,0,0,0,0
BEL,Belgium,2,yes,lead,0,0.0,0.0,0.0,0.0,,0,0,1,0,0,0,0,0,0,0,0
BEL,Belgium,2,yes,dye,0,0.0,20.0,0.0,20.0,0.0,1,1,0,0,1,0,0,0,0,0,0
BEL,Belgium,2,yes,engines,0,0.0,10.0,0.0,10.0,0.0,1,1,0,0,0,1,0,0,0,0,0
BUR,Burma,2,no,grain,4,140.0,0.0,75.6,75.6,1.85,0,0,0,0,0,0,1,0,1,0,0
BUR,Burma,2,no,tobacco,2,60.0,0.0,0.0,0.0,,0,0,0,0,1,0,0,0,0,0,0
BUR,Burma,2,no,fish,2,50.0,0.0,88.9,88.9,0.56,0,0,0,0,0,0,1,0,1,0,0
BUR,Burma,2,no,meat,2,20.0,0.0,0.0,0.0,,0,0,0,0,0,0,1,0,0,0,0
BUR,Burma,2,no,tea,1,20.0,0.0,0.0,0.0,,0,0,0,0,1,0,0,0,0,0,0
BUR,Burma,2,no,opium,1,20.0,0.0,0.0,0.0,,0,0,0,0,1,0,0,0,0,0,0
BUR,Burma,2,no,merchant_marine,0,18.0,0.0,0.0,0.0,,0,0,0,0,0,0,0,0,0,1,0
BUR,Burma,2,no,fabric,0,10.0,0.0,52.6,52.6,0.19,1,1,1,0,0,0,0,0,1,0,0
BUR,Burma,2,no,lead,0,0.0,0.0,0.0,0.0,,0,0,1,0,0,0,0,0,0,0,0
BUR,Burma,2,no,sugar,0,0.0,0.0,0.0,0.0,,0,0,1,0,1,0,0,0,0,0,0
BUR,Burma,2,no,groceries,0,0.0,0.0,102.3,102.3,0.0,1,1,0,0,0,0,0,1,0,0,0
BUR,Burma,2,no,wood,0,0.0,0.0,58.2,58.2,0.0,1,1,1,0,0,0,0,0,1,0,0
BUR,Burma,2,no,coal,0,0.0,0.0,0.0,0.0,,0,0,1,0,0,0,0,0,0,0,0
BUR,Burma,2,no,clippers,0,0.0,12.0,0.0,12.0,0.0,1,1,0,0,0,0,0,0,0,1,0
BUR,Burma,2,no,clothes,0,0.0,0.0,99.6,99.6,0.0,1,1,0,0,0,0,0,1,0,0,0
BUR,Burma,2,no,fruit,0,0.0,0.0,0.0,0.0,,0,0,1,0,1,0,0,0,0,0,0
BUR,Burma,2,no,dye,0,0.0,0.0,0.0,0.0,,0,0,1,0,1,0,0,0,0,0,0
BUR,Burma,2,no,iron,0,0.0,0.0,0.0,0.0,,0,0,1,0,0,0,0,0,1,0,0
BUR,Burma,2,no,rubber,0,0.0,0.0,0.0,0.0,,0,0,1,0,0,0,0,0,0,1,0
BUR,Burma,2,no,furniture,0,0.0,0.0,99.6,99.6,0.0,1,1,0,0,0,0,0,1,0,0,0
BUR,Burma,2,no,tools,0,0.0,0.0,0.0,0.0,,0,0,0,0,0,1,0,0,1,0,0
BUR,Burma,2,no,paper,0,0.0,0.0,0.0,0.0,,0,0,0,0,0,0,0,1,0,0,0
BUR,Burma,2,no,silk,0,0.0,0.0,0.0,0.0,,0,0,1,0,1,0,0,0,0,0,0
MOR,Morocco,2,yes,fish,3,75.0,0.0,83.1,83.1,0.9,0,0,0,0,0,0,1,0,1,0,0
MOR,Morocco,2,yes,meat,6,60.0,0.0,0.0,0.0,,0,0,0,0,0,0,1,0,0,0,0
MOR,Morocco,2,yes,clothes,1,45.0,0.0,93.0,93.0,0.48,1,1,0,0,0,0,0,1,0,0,0
MOR,Morocco,2,yes,clippers,0,40.0,12.0,0.0,12.0,3.33,0,0,0,0,0,0,0,0,0,1,0
MOR,Morocco,2,yes,iron,2,40.0,0.0,0.0,0.0,,0,0,0,0,0,0,0,0,1,0,0
MOR,Morocco,2,yes,fabric,0,30.0,60.0,49.1,109.1,0.27,1,1,1,0,0,0,0,0,1,0,0
MOR,Morocco,2,yes,glass,1,30.0,0.0,0.0,0.0,,0,0,0,0,0,0,0,1,0,0,0
MOR,Morocco,2,yes,wood,1,30.0,100.0,54.3,154.3,0.19,1,1,0,0,0,0,0,0,1,0,0
MOR,Morocco,2,yes,tools,1,30.0,10.0,0.0,10.0,3.0,0,0,0,0,0,1,0,0,1,0,0
MOR,Morocco,2,yes,merchant_marine,0,18.0,4.0,0.0,4.0,4.5,0,0,0,0,0,0,0,0,0,1,0
MOR,Morocco,2,yes,wine,0,0.0,0.0,0.0,0.0,,0,0,1,0,1,0,0,0,0,0,0
MOR,Morocco,2,yes,lead,0,0.0,0.0,0.0,0.0,,0,0,1,0,0,0,0,0,0,0,0
MOR,Morocco,2,yes,sugar,0,0.0,0.0,0.0,0.0,,0,0,1,0,1,0,0,0,0,0,0
MOR,Morocco,2,yes,groceries,0,0.0,0.0,95.5,95.5,0.0,1,1,0,0,0,0,0,1,0,0,0
MOR,Morocco,2,yes,coal,0,0.0,0.0,0.0,0.0,,0,0,1,0,0,0,0,0,0,0,0
MOR,Morocco,2,yes,fruit,0,0.0,0.0,0.0,0.0,,0,0,1,0,1,0,0,0,0,0,0
MOR,Morocco,2,yes,grain,0,0.0,0.0,70.6,70.6,0.0,2,1,1,0,0,0,1,0,1,0,0
MOR,Morocco,2,yes,sulfur,0,0.0,0.0,0.0,0.0,,0,0,1,0,0,0,0,0,0,0,0
MOR,Morocco,2,yes,furniture,0,0.0,0.0,93.0,93.0,0.0,1,1,0,0,0,0,0,1,0,0,0
MOR,Morocco,2,yes,paper,0,0.0,0.0,0.0,0.0,,0,0,0,0,0,0,0,1,0,0,0
OMA,Oman,2,yes,fish,5,225.0,0.0,39.7,39.7,5.67,0,0,0,0,0,0,1,0,1,0,0
OMA,Oman,2,yes,wood,2,60.0,40.0,26.0,66.0,0.91,0,0,0,0,0,0,0,0,1,0,0
OMA,Oman,2,yes,fabric,1,45.0,20.0,23.5,43.5,1.03,0,0,0,0,0,0,0,0,1,0,0
OMA,Oman,2,yes,merchant_marine,0,45.0,8.0,0.0,8.0,5.62,0,0,0,0,0,0,0,0,0,1,0
OMA,Oman,2,yes,clippers,0,40.0,50.0,0.0,50.0,0.8,0,0,0,0,0,0,0,0,0,1,0
OMA,Oman,2,yes,wine,0,0.0,0.0,0.0,0.0,,0,0,1,0,1,0,0,0,0,0,0
OMA,Oman,2,yes,lead,0,0.0,0.0,0.0,0.0,,0,0,1,0,0,0,0,0,0,0,0
OMA,Oman,2,yes,meat,0,0.0,0.0,0.0,0.0,,0,0,1,0,0,0,1,0,0,0,0
OMA,Oman,2,yes,tea,0,0.0,0.0,0.0,0.0,,0,0,1,0,1,0,0,0,0,0,0
OMA,Oman,2,yes,sugar,0,0.0,0.0,0.0,0.0,,0,0,1,0,1,0,0,0,0,0,0
OMA,Oman,2,yes,groceries,0,0.0,0.0,45.6,45.6,0.0,1,1,0,0,0,0,0,1,0,0,0
OMA,Oman,2,yes,opium,0,0.0,0.0,0.0,0.0,,0,0,1,0,1,0,0,0,0,0,0
OMA,Oman,2,yes,tobacco,0,0.0,0.0,0.0,0.0,,0,0,1,0,1,0,0,0,0,0,0
OMA,Oman,2,yes,coal,0,0.0,0.0,0.0,0.0,,0,0,1,0,0,0,0,0,0,0,0
OMA,Oman,2,yes,clothes,0,0.0,0.0,44.4,44.4,0.0,1,1,0,0,0,0,0,1,0,0,0
OMA,Oman,2,yes,fruit,0,0.0,0.0,0.0,0.0,,0,0,1,0,1,0,0,0,0,0,0
OMA,Oman,2,yes,dye,0,0.0,0.0,0.0,0.0,,0,0,1,0,1,0,0,0,0,0,0
OMA,Oman,2,yes,iron,0,0.0,0.0,0.0,0.0,,0,0,1,0,0,0,0,0,1,0,0
OMA,Oman,2,yes,grain,0,0.0,0.0,33.7,33.7,0.0,1,1,1,0,0,0,1,0,1,0,0
OMA,Oman,2,yes,rubber,0,0.0,0.0,0.0,0.0,,0,0,1,0,0,0,0,0,0,1,0
OMA,Oman,2,yes,coffee,1,0.0,0.0,0.0,0.0,,0,0,0,0,1,0,0,0,0,0,0
OMA,Oman,2,yes,furniture,0,0.0,0.0,44.4,44.4,0.0,1,1,0,0,0,0,0,1,0,0,0
OMA,Oman,2,yes,tools,0,0.0,0.0,0.0,0.0,,0,0,0,0,0,1,0,0,1,0,0
OMA,Oman,2,yes,paper,0,0.0,0.0,0.0,0.0,,0,0,0,0,0,0,0,1,0,0,0
OMA,Oman,2,yes,silk,0,0.0,0.0,0.0,0.0,,0,0,1,0,1,0,0,0,0,0,0
PHI,Philippines,2,yes,grain,11,385.0,0.0,56.0,56.0,6.88,0,0,0,0,0,0,1,0,1,0,0
PHI,Philippines,2,yes,tobacco,8,240.0,0.0,0.0,0.0,,0,0,0,0,1,0,0,0,0,0,0
PHI,Philippines,2,yes,sugar,3,75.0,0.0,0.0,0.0,,0,0,0,0,1,0,0,0,0,0,0
PHI,Philippines,2,yes,fish,3,75.0,0.0,65.9,65.9,1.14,0,0,0,0,0,0,1,0,1,0,0
PHI,Philippines,2,yes,merchant_marine,0,9.0,4.0,0.0,4.0,2.25,0,0,0,0,0,0,0,0,0,1,0
PHI,Philippines,2,yes,fabric,0,0.0,0.0,39.0,39.0,0.0,1,1,1,0,0,0,0,0,1,0,0
PHI,Philippines,2,yes,meat,0,0.0,0.0,0.0,0.0,,0,0,1,0,0,0,1,0,0,0,0
PHI,Philippines,2,yes,tea,0,0.0,0.0,0.0,0.0,,0,0,1,0,1,0,0,0,0,0,0
PHI,Philippines,2,yes,groceries,0,0.0,0.0,75.8,75.8,0.0,1,1,0,0,0,0,0,1,0,0,0
PHI,Philippines,2,yes,wood,0,0.0,0.0,43.1,43.1,0.0,1,1,1,0,0,0,0,0,1,0,0
PHI,Philippines,2,yes,coal,0,0.0,0.0,0.0,0.0,,0,0,1,0,0,0,0,0,0,0,0
PHI,Philippines,2,yes,clothes,0,0.0,0.0,73.8,73.8,0.0,1,1,0,0,0,0,0,1,0,0,0
PHI,Philippines,2,yes,clippers,0,0.0,6.0,0.0,6.0,0.0,1,1,0,0,0,0,0,0,0,1,0
PHI,Philippines,2,yes,fruit,0,0.0,0.0,0.0,0.0,,0,0,1,0,1,0,0,0,0,0,0
PHI,Philippines,2,yes,dye,0,0.0,0.0,0.0,0.0,,0,0,1,0,1,0,0,0,0,0,0
PHI,Philippines,2,yes,iron,0,0.0,5.0,0.0,5.0,0.0,1,1,1,0,0,0,0,0,1,0,0
PHI,Philippines,2,yes,rubber,0,0.0,0.0,0.0,0.0,,0,0,1,0,0,0,0,0,0,1,0
PHI,Philippines,2,yes,coffee,0,0.0,0.0,0.0,0.0,,0,0,1,0,1,0,0,0,0,0,0
PHI,Philippines,2,yes,furniture,0,0.0,0.0,73.8,73.8,0.0,1,1,0,0,0,0,0,1,0,0,0
PHI,Philippines,2,yes,tools,0,0.0,0.0,0.0,0.0,,0,0,0,0,0,1,0,0,1,0,0
PHI,Philippines,2,yes,small_arms,0,0.0,5.0,0.0,5.0,0.0,1,1,0,0,0,1,0,0,0,0,0
PHI,Philippines,2,yes,paper,0,0.0,0.0,0.0,0.0,,0,0,0,0,0,0,0,1,0,0,0
SHW,Shewa,2,no,grain,2,40.0,0.0,14.7,14.7,2.72,0,0,0,0,0,0,1,0,1,0,0
SHW,Shewa,2,no,tobacco,1,30.0,0.0,0.0,0.0,,0,0,0,0,1,0,0,0,0,0,0
SHW,Shewa,2,no,wood,1,30.0,0.0,11.3,11.3,2.65,0,0,0,0,0,0,0,0,1,0,0
SHW,Shewa,2,no,fabric,0,0.0,0.0,10.2,10.2,0.0,1,1,1,0,0,0,0,0,1,0,0
SHW,Shewa,2,no,wine,0,0.0,0.0,0.0,0.0,,0,0,1,0,1,0,0,0,0,0,0
SHW,Shewa,2,no,meat,0,0.0,0.0,0.0,0.0,,0,0,1,0,0,0,1,0,0,0,0
SHW,Shewa,2,no,tea,0,0.0,0.0,0.0,0.0,,0,0,1,0,1,0,0,0,0,0,0
SHW,Shewa,2,no,sugar,0,0.0,0.0,0.0,0.0,,0,0,1,0,1,0,0,0,0,0,0
SHW,Shewa,2,no,groceries,0,0.0,0.0,19.9,19.9,0.0,1,1,0,0,0,0,0,1,0,0,0
SHW,Shewa,2,no,clothes,0,0.0,0.0,19.4,19.4,0.0,1,1,0,0,0,0,0,1,0,0,0
SHW,Shewa,2,no,dye,0,0.0,0.0,0.0,0.0,,0,0,1,0,1,0,0,0,0,0,0
SHW,Shewa,2,no,iron,0,0.0,0.0,0.0,0.0,,0,0,0,0,0,0,0,0,1,0,0
SHW,Shewa,2,no,rubber,0,0.0,0.0,0.0,0.0,,0,0,1,0,0,0,0,0,0,1,0
SHW,Shewa,2,no,coffee,1,0.0,0.0,0.0,0.0,,0,0,0,0,1,0,0,0,0,0,0
SHW,Shewa,2,no,furniture,0,0.0,0.0,19.4,19.4,0.0,1,1,0,0,0,0,0,1,0,0,0
SHW,Shewa,2,no,tools,0,0.0,0.0,0.0,0.0,,0,0,0,0,0,1,0,0,1,0,0
SHW,Shewa,2,no,paper,0,0.0,0.0,0.0,0.0,,0,0,0,0,0,0,0,1,0,0,0
SHW,Shewa,2,no,fish,0,0.0,0.0,17.3,17.3,0.0,1,1,0,0,0,0,1,0,1,0,0
SIA,Siam,2,no,grain,3,105.0,0.0,84.1,84.1,1.25,0,0,0,1,0,0,1,0,1,0,1
SIA,Siam,2,no,tobacco,2,60.0,0.0,0.0,0.0,,0,0,0,0,1,0,0,0,0,0,0
SIA,Siam,2,no,fish,2,50.0,0.0,99.0,99.0,0.51,0,0,0,0,0,0,1,0,1,0,0
SIA,Siam,2,no,tea,2,40.0,0.0,0.0,0.0,,0,0,0,0,1,0,0,0,0,0,0
SIA,Siam,2,no,fruit,1,40.0,0.0,0.0,0.0,,0,0,0,0,1,0,0,0,0,0,0
SIA,Siam,2,no,merchant_marine,0,27.0,0.0,0.0,0.0,,0,0,0,0,0,0,0,0,0,1,0
SIA,Siam,2,no,opium,1,20.0,0.0,0.0,0.0,,0,0,0,0,1,0,0,0,0,0,0
SIA,Siam,2,no,meat,1,10.0,0.0,0.0,0.0,,0,0,0,0,0,0,1,0,0,0,0
SIA,Siam,2,no,fabric,0,5.0,0.0,58.5,58.5,0.09,1,1,1,0,0,0,0,0,1,0,0
SIA,Siam,2,no,lead,0,0.0,0.0,0.0,0.0,,0,0,1,0,0,0,0,0,0,0,0
SIA,Siam,2,no,sugar,0,0.0,0.0,0.0,0.0,,0,0,1,0,1,0,0,0,0,0,0
SIA,Siam,2,no,groceries,0,0.0,0.0,113.8,113.8,0.0,2,1,0,0,0,0,0,1,0,0,0
SIA,Siam,2,no,wood,0,0.0,0.0,64.8,64.8,0.0,1,1,1,0,0,0,0,0,1,0,0
SIA,Siam,2,no,coal,0,0.0,0.0,0.0,0.0,,0,0,1,0,0,0,0,0,0,0,0
SIA,Siam,2,no,clippers,0,0.0,18.0,0.0,18.0,0.0,1,1,0,0,0,0,0,0,0,1,0
SIA,Siam,2,no,clothes,0,0.0,0.0,110.8,110.8,0.0,2,1,0,0,0,0,0,1,0,0,0
SIA,Siam,2,no,dye,0,0.0,0.0,0.0,0.0,,0,0,1,0,1,0,0,0,0,0,0
SIA,Siam,2,no,iron,0,0.0,0.0,0.0,0.0,,0,0,1,0,0,0,0,0,1,0,0
SIA,Siam,2,no,rubber,0,0.0,0.0,0.0,0.0,,0,0,1,0,0,0,0,0,0,1,0
SIA,Siam,2,no,coffee,0,0.0,0.0,0.0,0.0,,0,0,1,0,1,0,0,0,0,0,0
SIA,Siam,2,no,furniture,0,0.0,0.0,110.8,110.8,0.0,2,1,0,0,0,0,0,1,0,0,0
SIA,Siam,2,no,tools,0,0.0,0.0,0.0,0.0,,0,0,0,0,0,1,0,0,1,0,0
SIA,Siam,2,no,paper,0,0.0,0.0,0.0,0.0,,0,0,0,0,0,0,0,1,0,0,0
SIA,Siam,2,no,silk,0,0.0,0.0,0.0,0.0,,0,0,1,0,1,0,0,0,0,0,0
SAF,South Africa,2,no,grain,3,60.0,0.0,13.6,13.6,4.41,0,0,0,0,0,0,1,0,1,0,0
SAF,South Africa,2,no,fish,1,50.0,0.0,16.0,16.0,3.12,0,0,0,0,0,0,1,0,1,0,0
SAF,South Africa,2,no,wine,1,20.0,0.0,0.0,0.0,,0,0,0,0,1,0,0,0,0,0,0
SAF,South Africa,2,no,meat,2,20.0,0.0,0.0,0.0,,0,0,0,0,0,0,1,0,0,0,0
SAF,South Africa,2,no,fabric,0,10.0,0.0,9.5,9.5,1.05,0,0,1,0,0,0,0,0,1,0,0
SAF,South Africa,2,no,merchant_marine,0,9.0,0.0,0.0,0.0,,0,0,0,0,0,0,0,0,0,1,0
SAF,South Africa,2,no,tea,0,0.0,0.0,0.0,0.0,,0,0,1,0,1,0,0,0,0,0,0
SAF,South Africa,2,no,groceries,0,0.0,0.0,18.4,18.4,0.0,1,1,0,0,0,0,0,1,0,0,0
SAF,South Africa,2,no,wood,0,0.0,0.0,10.5,10.5,0.0,1,1,1,0,0,0,0,0,1,0,0
SAF,South Africa,2,no,coal,0,0.0,0.0,0.0,0.0,,0,0,1,0,0,0,0,0,0,0,0
SAF,South Africa,2,no,clothes,0,0.0,0.0,17.9,17.9,0.0,1,1,0,0,0,0,0,1,0,0,0
SAF,South Africa,2,no,clippers,0,0.0,11.0,0.0,11.0,0.0,1,1,0,0,0,0,0,0,0,1,0
SAF,South Africa,2,no,fruit,0,0.0,0.0,0.0,0.0,,0,0,1,0,1,0,0,0,0,0,0
SAF,South Africa,2,no,iron,0,0.0,0.0,0.0,0.0,,0,0,1,0,0,0,0,0,1,0,0
SAF,South Africa,2,no,furniture,0,0.0,0.0,17.9,17.9,0.0,1,1,0,0,0,0,0,1,0,0,0
SAF,South Africa,2,no,tools,0,0.0,0.0,0.0,0.0,,0,0,0,0,0,1,0,0,1,0,0
SAF,South Africa,2,no,paper,0,0.0,0.0,0.0,0.0,,0,0,0,0,0,0,0,1,0,0,0
